SET SQL_MODE="NO_AUTO_VALUE_ON_ZERO";
SET time_zone = "+00:00";

/*!40101 SET @OLD_CHARACTER_SET_CLIENT=@@CHARACTER_SET_CLIENT */;
/*!40101 SET @OLD_CHARACTER_SET_RESULTS=@@CHARACTER_SET_RESULTS */;
/*!40101 SET @OLD_COLLATION_CONNECTION=@@COLLATION_CONNECTION */;
/*!40101 SET NAMES utf8 */;

--
-- Dumping data for table `barcameras`
--

INSERT INTO `barCameras` (`barCameraID`, `barCameraMac`, `barID`, `barCameraDescription`, `barCameraPrimary`, `barCameraActive`, `barCameraLive`, `barCameraDateAdded`) VALUES
(1, '00:50:43:01:43:4b', 1, 'Hot Bar Spot Test Camera', '0', '0', '1', '0000-00-00');



--
-- Dumping data for table `bars`
--

INSERT INTO `bars` (`barID`, `barName`, `barAddress`, `barZip`, `barPhone`, `barWebsite`, `barIndexTimestamp`, `barLat`, `barLon`, `barActive`, `barDoNotCall`, `barDescription`, `barZone`) VALUES
(1, 'Hot Bar Spot Headquarters', '1234 granville st.', '43023', '(555) 555-0001', 'www.hotbarspot.com', '2012-10-27 02:13:26', '40.048971', '-82.539941', '1', 0, '', 2825),
(2, 'Test Bar 1', '1 Main St, Granville OH', '43025', '(555) 5555-0002', 'www.google.com', '2010-02-11 03:19:26', '40.049000', '-82.539900', '1', 0, '', 2825),
(3, 'Test Bar 2', '2 Main St.', '43055', '(555) 555-0003', 'http://www.yahoo.com', '2010-02-11 03:19:26', '40.048950', '-82.539960', '1', 0, '', 2825),
(4, 'Bar Spot Headquarters 2', '123 granville st.', '43023', '(555) 555-0004', 'barspot.tv', '2012-10-27 02:13:26', '40.048900', '-82.539900', '1', 0, '', 2825);
-- --------------------------------------------------------




--
-- Dumping data for table `barvirtualtours`
--

INSERT INTO `barVirtualTours` (`barVirtualTourID`, `barID`) VALUES
(1, 1);

-- --------------------------------------------------------


--
-- Dumping data for table 'bar_group_id'
-- 

INSERT INTO `bar_group_id` (`barGroupID`, `barID`, `groupID`) VALUES
(1, 1, 16),
(2, 1, 18),
(3, 1, 20),
(4, 1, 17),
(5, 2, 248),
(6, 2, 245),
(7, 2, 17),
(8, 2, 18),
(9, 3, 20),
(10, 3, 16);



--
-- Dumping data for table `fromwhere_tbl`
--

INSERT INTO `fromWhere_tbl` (`fromWhereID`, `fromWhereName`, `fromWhereOrder`) VALUES
(1, 'Search Engine', 5),
(2, 'Facebook', 10),
(3, 'Myspace', 15),
(4, 'Twitter', 20),
(5, 'From a friend', 25),
(6, 'From a band', 30),
(7, 'Saloon Poker', 35),
(8, 'Woodstock Entertainment', 40),
(9, 'Other', 45),
(10, 'Hotbarspot Promotion', 7),
(11, 'iPhone', 80);

-- --------------------------------------------------------

--
-- Dumping data for table `group_tbl`
--

INSERT INTO `group_tbl` (`groupId`, `groupName`, `userParentId`, `groupTypeId`, `barId`) VALUES
(1, 'banduser', 1, 4, 0),
(2, 'barowner', 2, 4, 0),
(3, 'staffuser', 3, 4, 0),
(4, 'barhopper', 4, 4, 0),
(5, 'iphoneuser', 5, 4, 0),
(16, 'Pool Table(s)', 0, 5, 0),
(17, 'Dart Board(s)', 0, 5, 0),
(18, 'DJ / Live Music', 0, 5, 0),
(19, 'Shuffleboard Table(s)', 0, 5, 0),
(20, 'Karaoke', 0, 5, 0),
(21, 'Stripper Pole', 0, 5, 0),
(22, 'Mechanical Bull', 0, 5, 0),
(243, 'Megatouch', 0, 5, 0),
(244, 'Foosball', 0, 5, 0),
(245, 'Smoking Patio', 0, 5, 0),
(246, '18 and over nights', 0, 5, 0),
(247, 'Credit Cards', 0, 5, 0),
(248, 'ATM', 0, 5, 0),
(249, 'Arcade Games', 0, 5, 0),
(250, 'Cornhole', 0, 5, 0),
(251, 'Poker (Live)', 0, 5, 0),
(252, 'NTN Trivia/Poker', 0, 5, 0),
(253, 'Pinball', 0, 5, 0),
(269, 'Free WIFI', 0, 5, 0),
(270, 'Banquet Room(s)', 0, 5, 0),
(462, 'Waterfront Dock', 0, 5, 0),
(463, 'Gentlemen''s Club', 0, 5, 0),
(464, 'LGBT', 0, 5, 0),
(465, 'Sports Bar', 0, 5, 0),
(467, 'Dance Club', 0, 5, 0),
(468, 'Country Bar', 0, 5, 0),
(469, 'Biker Bar', 0, 5, 0),
(470, 'College Bar', 0, 5, 0),
(471, 'Dive Bar', 0, 5, 0),
(472, 'Dress Code', 0, 5, 0),
(473, 'Bottle Service', 0, 5, 0),
(474, 'VIP Room', 0, 5, 0),
(475, 'Karaoke (Sunday)', 0, 5, 0),
(476, 'Karaoke (Monday)', 0, 5, 0),
(477, 'Karaoke (Tuesday)', 0, 5, 0),
(478, 'Karaoke (Wednesday)', 0, 5, 0),
(479, 'Karaoke (Thursday)', 0, 5, 0),
(480, 'Karaoke (Friday)', 0, 5, 0),
(481, 'Karaoke (Saturday)', 0, 5, 0),
(482, 'Live Music (Sunday)', 0, 5, 0),
(483, 'Live Music (Monday)', 0, 5, 0),
(484, 'Live Music (Tuesday)', 0, 5, 0),
(485, 'Live Music (Wednesday)', 0, 5, 0),
(486, 'Live Music (Thursday)', 0, 5, 0),
(487, 'Live Music (Friday)', 0, 5, 0),
(488, 'Live Music (Saturday)', 0, 5, 0),
(489, 'DJ (Sunday)', 0, 5, 0),
(490, 'DJ (Monday)', 0, 5, 0),
(491, 'DJ (Tuesday)', 0, 5, 0),
(492, 'DJ (Wednesday)', 0, 5, 0),
(493, 'DJ (Thursday)', 0, 5, 0),
(494, 'DJ (Friday)', 0, 5, 0),
(495, 'DJ (Saturday)', 0, 5, 0);

-- --------------------------------------------------------

--
-- Dumping data for table `group_type_tbl`
--

INSERT INTO `group_type_tbl` (`groupTypeId`, `groupType`) VALUES
(1, 'Administrative'),
(2, 'Users'),
(3, 'Bars'),
(4, 'Friends'),
(5, 'Feature'),
(6, 'Bar Management Account');

-- --------------------------------------------------------

--
-- Dumping data for table `napkinsfoldertype`
--

INSERT INTO `napkinsFolderType` (`folderTypeID`, `folderName`) VALUES
(1, 'Inbox'),
(2, 'Sent'),
(3, 'Trash'),
(4, 'userCreated');

-- --------------------------------------------------------

--
-- Dumping data for table `phone_type_tbl`
--

INSERT INTO `phone_type_tbl` (`phoneTypeId`, `phoneType`) VALUES
(1, 'Home'),
(2, 'Office'),
(3, 'Cell');

-- --------------------------------------------------------

--
-- Dumping data for table `streamingcities`
--

INSERT INTO `streamingCities` (`streamingCityID`, `streamingCityName`, `streamingCityState`, `streamingCityLat`, `streamingCityLon`) VALUES
(1, 'Columbus', 'OH', '39.969036', '-83.011389'),
(3, 'Cleveland', 'OH', '41.4860125', '-81.7046863'),
(4, 'Marion', 'OH', '40.584028', '-83.101687');

-- --------------------------------------------------------

--
-- Dumping data for table `timezones`
--

INSERT INTO `timezones` (`timezoneID`, `timezone`, `timezoneValue`) VALUES
(1, 'US/Eastern', -5),
(2, 'US/Central', -6),
(3, 'US/Arizona', -7),
(4, 'US/Pacific', -8);

-- --------------------------------------------------------

--
-- Dumping data for table `userschedule`
--

INSERT INTO `userSchedule` (`userScheduleID`, `barID`, `mon`, `tue`, `wed`, `thu`, `fri`, `sat`, `sun`, `timezoneID`, `updatedTimestamp`) VALUES
(1, 1, '111111111111111111111111111111111111111111111111111111111111111111111111111111111111111111111111', '111111111111111111111111111111111111111111111111111111111111111111111111111111111111111111111111', '111111111111111111111111111111111111111111111111111111111111111111111111111111111111111111111111', '111111111111111111111111111111111111111111111111111111111111111111111111111111111111111111111111', '111111111111111111111111111111111111111111111111111111111111111111111111111111111111111111111111', '111111111111111111111111111111111111111111111111111111111111111111111111111111111111111111111111', '111111111111111111111111111111111111111111111111111111111111111111111111111111111111111111111111', 1, '2010-07-07 22:57:19');

-- --------------------------------------------------------

--
-- Dumping data for table `user_address_tbl`
--

INSERT INTO `user_address_tbl` (`userAddressId`, `userAddressTypeId`, `userId`, `userAddress1`, `userAddress2`, `city`, `state`, `userZip`) VALUES
(1, 1, 1, '1 address st.', '', 'Busytown', 'OH', '11111'),
(2, 1, 2, '2 address st.', '', 'Busytown', 'OH', '22222'),
(3, 1, 3, '3 address st.', '', 'Busytown', 'OH', '33333'),
(4, 1, 4, '4 address st.', '', 'Busytown', 'OH', '44444'),
(5, 1, 5, '5 address st.', '', 'Busytown', 'OH', '55555');

-- --------------------------------------------------------

--
-- Dumping data for table `user_info_tbl`
--

INSERT INTO `user_info_tbl` (`userInfoId`, `userFirst`, `userLast`, `userId`, `userDOB`, `userCompany`, `userWebsite`) VALUES
(1, 'Band', 'Test', 1, '12/18/1980', '', ''),
(2, 'Owner', 'Test', 2, '12/18/1980', 'Owner Bar Name', 'www.ownerbar.com'),
(3, 'Staff', 'Test', 3, '12/18/1980', '', ''),
(4, 'Hopper', 'Test', 4, '12/18/1980', '', ''),
(5, 'iPhone', 'Test', 5, '12/18/1980', '', '');

-- --------------------------------------------------------

--
-- Dumping data for table `user_phone_tbl`
--

INSERT INTO `user_phone_tbl` (`userPhoneId`, `userId`, `userPhoneAreaCode`, `userPhoneExchange`, `userPhoneNumber`, `userPhoneExtension`, `phoneTypeId`) VALUES
(1, 1, '555', '555', '5551', '', 1),
(2, 2, '555', '555', '5552', '', 1),
(3, 3, '555', '555', '5553', '', 1),
(4, 4, '555', '555', '5554', '', 1),
(5, 5, '555', '555', '5555', '', 1);

-- --------------------------------------------------------

--
-- Dumping data for table `user_tbl`
--

INSERT INTO `user_tbl` (`userId`, `username`, `userpassword`, `userEmail`, `userParentId`, `userTypeId`, `userActive`, `userFailedLogins`, `userFrom`, `userCreatedTimestsamp`) VALUES
(1, 'banduser', '$1$HmYih4BU$OortwzH6pMkaCXhsqVW2K.', 'banduser@barspot.com', 0, 1, 1, 0, 1, 1351911154),
(2, 'barowner', '$1$ta..y51.$aGw3f976iSYjqsAs4PRtK1', 'bowner@barspot.com', 0, 2, 1, 0, 1, 1350957475),
(3, 'staffuser', '$1$LAItizdQ$fWjZfl4kCj8PnUll1kF3r/', 'staff@barspot.com', 0, 3, 1, 0, 1, 1351911256),
(4, 'barhopper', '$1$1E...y2.$Vkm5PNmyNCdkf87Nc6/an1', 'bhopper@barspot.com', 0, 4, 1, 0, 1, 1350957430),
(5, 'iphoneuser', '$1$NMjxN11T$hVS3rjcAQ4SkKYE3sjbzu0', 'iphone@barspot.tv', 0, 5, 1, 0, 1, 1351911363),
(6, 'admin', '$1$dzApMHEZ$jbTx0nr96ewCtMxtv/mOE/', 'admin@barspot.com', 0, 6, 1, 0, 1, 1357754143);

-- --------------------------------------------------------

--
-- Dumping data for table `user_type_tbl`
--

INSERT INTO `user_type_tbl` (`userTypeId`, `userType`) VALUES
(1, 'Bands'),
(2, 'Bars'),
(3, 'Staff'),
(4, 'Users'),
(5, 'iPhone'),
(6, 'Admin');

-- --------------------------------------------------------

--
-- Dumping data for table `zipcode`
--

INSERT INTO `zipcode` (`zipCode`, `zipCodeLat`, `zipCodeLon`, `zipCodeCity`, `zipCodeState`) VALUES
('43001', '40.100513', '-82.612389', 'ALEXANDRIA', 'OH'),
('43002', '39.969036', '-83.011389', 'AMLIN', 'OH'),
('43003', '40.389346', '-82.980710', 'ASHLEY', 'OH'),
('43004', '40.016713', '-82.839198', 'BLACKLICK', 'OH'),
('43005', '40.296230', '-82.273620', 'BLADENSBURG', 'OH'),
('43006', '40.477294', '-82.191485', 'BRINKHAVEN', 'OH'),
('43007', '40.340633', '-83.416306', 'BROADWAY', 'OH'),
('43008', '39.944674', '-82.479720', 'BUCKEYE LAKE', 'OH'),
('43009', '40.161025', '-83.648461', 'CABLE', 'OH'),
('43010', '39.999140', '-83.622204', 'CATAWBA', 'OH'),
('43011', '40.313394', '-82.665177', 'CENTERBURG', 'OH'),
('43013', '40.115251', '-82.690898', 'CROTON', 'OH'),
('43014', '40.417167', '-82.270253', 'DANVILLE', 'OH'),
('43015', '40.289886', '-82.981095', 'DELAWARE', 'OH'),
('43016', '39.969036', '-83.011389', 'DUBLIN', 'OH'),
('43017', '40.076041', '-82.814456', 'DUBLIN', 'OH'),
('43018', '39.957167', '-82.683686', 'ETNA', 'OH'),
('43019', '40.487135', '-82.512463', 'FREDERICKTOWN', 'OH'),
('43021', '40.201142', '-82.874886', 'GALENA', 'OH'),
('43022', '40.338527', '-82.348673', 'GAMBIER', 'OH'),
('43023', '40.048971', '-82.539941', 'GRANVILLE', 'OH'),
('43025', '39.974804', '-82.511108', 'HEBRON', 'OH'),
('43026', '39.969036', '-83.011389', 'HILLIARD', 'OH'),
('43027', '40.132821', '-82.561556', 'HOMER', 'OH'),
('43028', '40.418367', '-82.283974', 'HOWARD', 'OH'),
('43029', '40.128208', '-83.442548', 'IRWIN', 'OH'),
('43030', '39.968846', '-82.430017', 'JACKSONTOWN', 'OH'),
('43031', '40.161450', '-82.604390', 'JOHNSTOWN', 'OH'),
('43032', '40.313445', '-82.961585', 'KILBOURNE', 'OH'),
('43033', '39.953532', '-82.593998', 'KIRKERSVILLE', 'OH'),
('43035', '40.187886', '-82.987804', 'LEWIS CENTER', 'OH'),
('43036', '40.352835', '-83.263418', 'MAGNETIC SPRINGS', 'OH'),
('43037', '40.295190', '-82.322187', 'MARTINSBURG', 'OH'),
('43040', '40.267651', '-83.376632', 'MARYSVILLE', 'OH'),
('43041', '40.306924', '-83.360645', 'MARYSVILLE', 'OH'),
('43044', '40.117805', '-83.587808', 'MECHANICSBURG', 'OH'),
('43045', '40.170089', '-83.441008', 'MILFORD CENTER', 'OH'),
('43046', '39.884758', '-82.539214', 'MILLERSPORT', 'OH'),
('43047', '40.204914', '-83.646581', 'MINGO', 'OH'),
('43048', '40.406113', '-82.465777', 'MOUNT LIBERTY', 'OH'),
('43050', '40.370660', '-82.481346', 'MOUNT VERNON', 'OH'),
('43054', '40.085113', '-82.814347', 'NEW ALBANY', 'OH'),
('43055', '40.085963', '-82.485985', 'NEWARK', 'OH'),
('43056', '40.004407', '-82.467105', 'HEATH', 'OH'),
('43058', '40.095148', '-82.482659', 'NEWARK', 'OH'),
('43060', '40.204788', '-83.568531', 'NORTH LEWISBURG', 'OH'),
('43061', '40.295612', '-83.199506', 'OSTRANDER', 'OH'),
('43062', '40.014869', '-82.624424', 'PATASKALA', 'OH'),
('43064', '40.057901', '-83.307323', 'PLAIN CITY', 'OH'),
('43065', '40.183405', '-83.091235', 'POWELL', 'OH'),
('43066', '40.380541', '-83.172985', 'RADNOR', 'OH'),
('43067', '40.337997', '-83.465462', 'RAYMOND', 'OH'),
('43068', '39.951513', '-82.802896', 'REYNOLDSBURG', 'OH'),
('43070', '40.172288', '-83.962411', 'ROSEWOOD', 'OH'),
('43071', '40.189158', '-82.353301', 'SAINT LOUISVILLE', 'OH'),
('43072', '40.121683', '-83.947262', 'SAINT PARIS', 'OH'),
('43073', '39.996516', '-82.754034', 'SUMMIT STATION', 'OH'),
('43074', '40.266029', '-82.854334', 'SUNBURY', 'OH'),
('43076', '39.851267', '-82.385238', 'THORNVILLE', 'OH'),
('43077', '40.124392', '-83.308220', 'UNIONVILLE CENTER', 'OH'),
('43078', '40.121722', '-83.797312', 'URBANA', 'OH'),
('43080', '40.175950', '-82.444279', 'UTICA', 'OH'),
('43081', '40.104470', '-82.896457', 'WESTERVILLE', 'OH'),
('43082', '40.167712', '-82.869636', 'WESTERVILLE', 'OH'),
('43083', '40.102185', '-83.837860', 'WESTVILLE', 'OH'),
('43084', '40.151100', '-83.545445', 'WOODSTOCK', 'OH'),
('43085', '40.040113', '-82.897222', 'COLUMBUS', 'OH'),
('43086', '39.969036', '-83.011389', 'WESTERVILLE', 'OH'),
('43093', '40.095148', '-82.482659', 'NEWARK', 'OH'),
('43098', '40.095148', '-82.482659', 'HEBRON', 'OH'),
('43101', '39.466524', '-82.754731', 'ADELPHI', 'OH'),
('43102', '39.698161', '-82.688692', 'AMANDA', 'OH'),
('43103', '39.671940', '-83.015457', 'ASHVILLE', 'OH'),
('43105', '39.777960', '-82.665141', 'BALTIMORE', 'OH'),
('43106', '39.640640', '-83.419366', 'BLOOMINGBURG', 'OH'),
('43107', '39.697655', '-82.554876', 'BREMEN', 'OH'),
('43109', '39.924238', '-82.846098', 'BRICE', 'OH'),
('43110', '39.821343', '-82.764939', 'CANAL WINCHESTER', 'OH'),
('43111', '39.504455', '-82.242899', 'CARBON HILL', 'OH'),
('43112', '39.801140', '-82.706291', 'CARROLL', 'OH'),
('43113', '39.597084', '-82.945899', 'CIRCLEVILLE', 'OH'),
('43115', '39.479662', '-83.099899', 'CLARKSBURG', 'OH'),
('43116', '39.769857', '-83.060153', 'COMMERCIAL POINT', 'OH'),
('43117', '39.773025', '-83.199472', 'DERBY', 'OH'),
('43119', '39.969036', '-83.011389', 'GALLOWAY', 'OH'),
('43123', '39.969036', '-83.011389', 'GROVE CITY', 'OH'),
('43125', '39.846920', '-82.884870', 'GROVEPORT', 'OH'),
('43126', '39.969036', '-83.011389', 'HARRISBURG', 'OH'),
('43127', '39.476564', '-82.328099', 'HAYDENVILLE', 'OH'),
('43128', '39.654055', '-83.572613', 'JEFFERSONVILLE', 'OH'),
('43130', '39.689650', '-82.609282', 'LANCASTER', 'OH'),
('43135', '39.462546', '-82.666506', 'LAURELVILLE', 'OH'),
('43136', '39.761550', '-82.721900', 'LITHOPOLIS', 'OH'),
('43137', '39.761894', '-82.989320', 'LOCKBOURNE', 'OH'),
('43138', '39.525350', '-82.437424', 'LOGAN', 'OH'),
('43140', '39.886277', '-83.407733', 'LONDON', 'OH'),
('43142', '39.588319', '-83.583292', 'MILLEDGEVILLE', 'OH'),
('43143', '39.765249', '-83.344831', 'MOUNT STERLING', 'OH'),
('43144', '39.505508', '-82.171089', 'MURRAY CITY', 'OH'),
('43145', '39.569810', '-83.214190', 'NEW HOLLAND', 'OH'),
('43146', '39.682607', '-83.141550', 'ORIENT', 'OH'),
('43147', '39.781747', '-82.664536', 'PICKERINGTON', 'OH'),
('43148', '39.827240', '-82.500765', 'PLEASANTVILLE', 'OH'),
('43149', '39.525792', '-82.606994', 'ROCKBRIDGE', 'OH'),
('43150', '39.778820', '-82.438446', 'RUSHVILLE', 'OH'),
('43151', '39.727083', '-83.452833', 'SEDALIA', 'OH'),
('43152', '39.417379', '-82.592291', 'SOUTH BLOOMINGVILLE', 'OH'),
('43153', '39.748496', '-83.531355', 'SOUTH SOLON', 'OH'),
('43154', '39.616000', '-82.808580', 'STOUTSVILLE', 'OH'),
('43155', '39.637690', '-82.532092', 'SUGAR GROVE', 'OH'),
('43156', '39.555583', '-82.782171', 'TARLTON', 'OH'),
('43157', '39.842263', '-82.560131', 'THURSTON', 'OH'),
('43158', '39.433804', '-82.366742', 'UNION FURNACE', 'OH'),
('43160', '39.536986', '-83.455012', 'WASHINGTON COURT HOUSE', 'OH'),
('43162', '39.948860', '-83.309892', 'WEST JEFFERSON', 'OH'),
('43163', '39.763100', '-82.447024', 'WEST RUSHVILLE', 'OH'),
('43164', '39.604282', '-83.126646', 'WILLIAMSPORT', 'OH'),
('43196', '0.000000', '0.000000', 'GROVEPORT', 'OH'),
('43198', '0.000000', '0.000000', 'GROVEPORT', 'OH'),
('43199', '39.969036', '-83.011389', 'GROVEPORT', 'OH'),
('43201', '39.969036', '-83.011389', 'COLUMBUS', 'OH'),
('43202', '39.969036', '-83.011389', 'COLUMBUS', 'OH'),
('43203', '39.969036', '-83.011389', 'COLUMBUS', 'OH'),
('43204', '39.969036', '-83.011389', 'COLUMBUS', 'OH'),
('43205', '39.969036', '-83.011389', 'COLUMBUS', 'OH'),
('43206', '39.969036', '-83.011389', 'COLUMBUS', 'OH'),
('43207', '39.869050', '-82.958539', 'COLUMBUS', 'OH'),
('43209', '39.969036', '-83.011389', 'COLUMBUS', 'OH'),
('43210', '39.914038', '-82.832558', 'COLUMBUS', 'OH'),
('43211', '39.969036', '-83.011389', 'COLUMBUS', 'OH'),
('43212', '39.969036', '-83.011389', 'COLUMBUS', 'OH'),
('43213', '39.972734', '-82.832887', 'COLUMBUS', 'OH'),
('43214', '39.969036', '-83.011389', 'COLUMBUS', 'OH'),
('43215', '39.891745', '-82.877131', 'COLUMBUS', 'OH'),
('43216', '39.969036', '-83.011389', 'COLUMBUS', 'OH'),
('43217', '39.827675', '-82.934198', 'COLUMBUS', 'OH'),
('43218', '39.969036', '-83.011389', 'COLUMBUS', 'OH'),
('43219', '40.032615', '-82.910251', 'COLUMBUS', 'OH'),
('43220', '39.969036', '-83.011389', 'COLUMBUS', 'OH'),
('43221', '39.969036', '-83.011389', 'COLUMBUS', 'OH'),
('43222', '39.969036', '-83.011389', 'COLUMBUS', 'OH'),
('43223', '39.969036', '-83.011389', 'COLUMBUS', 'OH'),
('43224', '40.080339', '-82.928604', 'COLUMBUS', 'OH'),
('43226', '39.969036', '-83.011389', 'COLUMBUS', 'OH'),
('43227', '39.922863', '-82.858048', 'COLUMBUS', 'OH'),
('43228', '39.969036', '-83.011389', 'COLUMBUS', 'OH'),
('43229', '40.095713', '-82.962671', 'COLUMBUS', 'OH'),
('43230', '40.034713', '-82.872611', 'COLUMBUS', 'OH'),
('43231', '40.084463', '-82.933811', 'COLUMBUS', 'OH'),
('43232', '39.922663', '-82.856640', 'COLUMBUS', 'OH'),
('43234', '39.969036', '-83.011389', 'COLUMBUS', 'OH'),
('43235', '40.108836', '-82.974204', 'COLUMBUS', 'OH'),
('43236', '40.135711', '-83.007626', 'COLUMBUS', 'OH'),
('43240', '39.969036', '-83.011389', 'COLUMBUS', 'OH'),
('43251', '39.969036', '-83.011389', 'COLUMBUS', 'OH'),
('43260', '39.969036', '-83.011389', 'COLUMBUS', 'OH'),
('43265', '39.969036', '-83.011389', 'COLUMBUS', 'OH'),
('43266', '39.969036', '-83.011389', 'COLUMBUS', 'OH'),
('43268', '39.969036', '-83.011389', 'COLUMBUS', 'OH'),
('43270', '39.969036', '-83.011389', 'COLUMBUS', 'OH'),
('43271', '39.969036', '-83.011389', 'COLUMBUS', 'OH'),
('43272', '39.969036', '-83.011389', 'COLUMBUS', 'OH'),
('43279', '39.969036', '-83.011389', 'COLUMBUS', 'OH'),
('43287', '39.969036', '-83.011389', 'COLUMBUS', 'OH'),
('43291', '39.969036', '-83.011389', 'COLUMBUS', 'OH'),
('43299', '39.969036', '-83.011389', 'COLUMBUS', 'OH'),
('43301', '40.616604', '-83.069296', 'MARION', 'OH'),
('43302', '40.584028', '-83.101687', 'MARION', 'OH'),
('43306', '40.569410', '-83.139341', 'MARION', 'OH'),
('43307', '40.569410', '-83.139341', 'MARION', 'OH'),
('43310', '40.491005', '-83.752068', 'BELLE CENTER', 'OH'),
('43311', '40.378783', '-83.787784', 'BELLEFONTAINE', 'OH'),
('43314', '40.631257', '-82.958179', 'CALEDONIA', 'OH'),
('43315', '40.479648', '-82.852969', 'CARDINGTON', 'OH'),
('43316', '40.927265', '-83.387038', 'CAREY', 'OH'),
('43317', '40.478905', '-82.682805', 'CHESTERVILLE', 'OH'),
('43318', '40.374272', '-83.784554', 'DE GRAFF', 'OH'),
('43319', '40.303893', '-83.728511', 'EAST LIBERTY', 'OH'),
('43320', '40.588234', '-82.890436', 'EDISON', 'OH'),
('43321', '40.497120', '-82.834207', 'FULTON', 'OH'),
('43322', '40.541659', '-83.230407', 'GREEN CAMP', 'OH'),
('43323', '40.734600', '-83.253668', 'HARPSTER', 'OH'),
('43324', '40.439910', '-83.809604', 'HUNTSVILLE', 'OH'),
('43325', '40.607960', '-82.872954', 'IBERIA', 'OH'),
('43326', '40.640100', '-83.616923', 'KENTON', 'OH'),
('43330', '40.813023', '-83.419606', 'KIRBY', 'OH'),
('43331', '40.501851', '-83.920230', 'LAKEVIEW', 'OH'),
('43332', '40.596476', '-83.344599', 'LA RUE', 'OH'),
('43333', '40.436912', '-83.926452', 'LEWISTOWN', 'OH'),
('43334', '40.406317', '-82.782091', 'MARENGO', 'OH'),
('43335', '40.668497', '-82.909984', 'MARTEL', 'OH'),
('43336', '40.294825', '-83.577260', 'MIDDLEBURG', 'OH'),
('43337', '40.667978', '-83.263350', 'MORRAL', 'OH'),
('43338', '40.525904', '-82.752848', 'MOUNT GILEAD', 'OH'),
('43340', '40.561493', '-83.495423', 'MOUNT VICTORY', 'OH'),
('43341', '40.599228', '-83.308663', 'NEW BLOOMINGTON', 'OH'),
('43342', '40.492106', '-83.178414', 'PROSPECT', 'OH'),
('43343', '40.391089', '-83.792897', 'QUINCY', 'OH'),
('43344', '40.427182', '-83.352079', 'RICHWOOD', 'OH'),
('43345', '40.532668', '-83.582650', 'RIDGEWAY', 'OH'),
('43346', '40.573227', '-83.846199', 'ROUNDHEAD', 'OH'),
('43347', '40.474334', '-83.650983', 'RUSHSYLVANIA', 'OH'),
('43348', '40.402746', '-83.890243', 'RUSSELLS POINT', 'OH'),
('43349', '40.614239', '-82.661938', 'SHAUCK', 'OH'),
('43350', '40.528862', '-82.822920', 'SPARTA', 'OH'),
('43351', '40.828153', '-83.313786', 'UPPER SANDUSKY', 'OH'),
('43356', '40.475651', '-83.048607', 'WALDO', 'OH'),
('43357', '40.278247', '-83.713148', 'WEST LIBERTY', 'OH'),
('43358', '40.366910', '-83.625912', 'WEST MANSFIELD', 'OH'),
('43359', '40.875991', '-83.448021', 'WHARTON', 'OH'),
('43360', '40.321114', '-83.640462', 'ZANESFIELD', 'OH'),
('43402', '41.376449', '-83.613714', 'BOWLING GREEN', 'OH'),
('43403', '41.392350', '-83.648996', 'BOWLING GREEN', 'OH'),
('43406', '41.334031', '-83.542092', 'BRADNER', 'OH'),
('43407', '41.278621', '-83.244604', 'BURGOON', 'OH'),
('43408', '41.568599', '-83.363224', 'CLAY CENTER', 'OH'),
('43410', '41.321281', '-82.948337', 'CLYDE', 'OH'),
('43412', '41.597798', '-83.357328', 'CURTICE', 'OH'),
('43413', '41.226545', '-83.664525', 'CYGNET', 'OH'),
('43414', '41.392350', '-83.648996', 'DUNBRIDGE', 'OH'),
('43416', '41.572670', '-83.078075', 'ELMORE', 'OH'),
('43420', '41.356220', '-83.133981', 'FREMONT', 'OH'),
('43430', '41.524657', '-83.352477', 'GENOA', 'OH'),
('43431', '41.392094', '-83.317648', 'GIBSONBURG', 'OH'),
('43432', '41.564723', '-83.261280', 'GRAYTOWN', 'OH'),
('43433', '41.503759', '-82.870840', 'GYPSUM', 'OH'),
('43434', '41.645699', '-83.620233', 'HARBOR VIEW', 'OH'),
('43435', '41.325996', '-83.318648', 'HELENA', 'OH'),
('43436', '41.715332', '-82.822697', 'ISLE SAINT GEORGE', 'OH'),
('43437', '41.255902', '-83.602198', 'JERRY CITY', 'OH'),
('43438', '41.595930', '-82.706816', 'KELLEYS ISLAND', 'OH'),
('43439', '41.518115', '-83.041312', 'LACARNE', 'OH'),
('43440', '41.524698', '-82.776567', 'LAKESIDE MARBLEHEAD', 'OH'),
('43441', '41.536132', '-83.459380', 'LEMOYNE', 'OH'),
('43442', '41.422628', '-83.231171', 'LINDSEY', 'OH'),
('43443', '41.457596', '-83.473648', 'LUCKEY', 'OH'),
('43445', '41.569398', '-83.311577', 'MARTIN', 'OH'),
('43446', '41.683477', '-82.804677', 'MIDDLE BASS', 'OH'),
('43447', '41.426265', '-83.512454', 'MILLBURY', 'OH'),
('43449', '41.536530', '-83.144869', 'OAK HARBOR', 'OH'),
('43450', '41.398798', '-83.484086', 'PEMBERVILLE', 'OH'),
('43451', '41.315346', '-83.621091', 'PORTAGE', 'OH'),
('43452', '41.558318', '-83.050219', 'PORT CLINTON', 'OH'),
('43456', '41.647236', '-82.819009', 'PUT IN BAY', 'OH'),
('43457', '41.336722', '-83.466992', 'RISINGSUN', 'OH'),
('43458', '41.530157', '-83.212760', 'ROCKY RIDGE', 'OH'),
('43460', '41.458371', '-83.529646', 'ROSSFORD', 'OH'),
('43462', '41.283902', '-83.725640', 'RUDOLPH', 'OH'),
('43463', '41.509051', '-83.508531', 'STONY RIDGE', 'OH'),
('43464', '41.396673', '-82.921319', 'VICKERY', 'OH'),
('43465', '41.462958', '-83.491090', 'WALBRIDGE', 'OH'),
('43466', '41.296984', '-83.524683', 'WAYNE', 'OH'),
('43467', '41.242640', '-83.489583', 'WEST MILLGROVE', 'OH'),
('43468', '41.605048', '-83.338128', 'WILLISTON', 'OH'),
('43469', '41.420210', '-83.316860', 'WOODVILLE', 'OH'),
('43501', '41.577786', '-84.584125', 'ALVORDTON', 'OH'),
('43502', '41.578355', '-84.251060', 'ARCHBOLD', 'OH'),
('43504', '41.606301', '-83.822288', 'BERKEY', 'OH'),
('43505', '41.523945', '-84.730275', 'BLAKESLEE', 'OH'),
('43506', '41.553851', '-84.585209', 'BRYAN', 'OH'),
('43510', '41.419878', '-84.013674', 'COLTON', 'OH'),
('43511', '41.259285', '-83.811421', 'CUSTAR', 'OH'),
('43512', '41.296657', '-84.390413', 'DEFIANCE', 'OH'),
('43515', '41.585680', '-84.124257', 'DELTA', 'OH'),
('43516', '41.232641', '-83.949391', 'DESHLER', 'OH'),
('43517', '41.554099', '-84.620862', 'EDGERTON', 'OH'),
('43518', '41.587540', '-84.738401', 'EDON', 'OH'),
('43519', '41.422158', '-84.396619', 'EVANSPORT', 'OH'),
('43520', '41.390660', '-84.631322', 'FARMER', 'OH'),
('43521', '41.649036', '-84.285960', 'FAYETTE', 'OH'),
('43522', '41.394707', '-83.834935', 'GRAND RAPIDS', 'OH'),
('43523', '41.341081', '-84.000532', 'GRELTON', 'OH'),
('43524', '41.230082', '-84.035807', 'HAMLER', 'OH'),
('43525', '41.466702', '-83.705486', 'HASKINS', 'OH'),
('43526', '41.325013', '-84.678021', 'HICKSVILLE', 'OH'),
('43527', '41.231750', '-84.129612', 'HOLGATE', 'OH'),
('43528', '41.628501', '-83.751138', 'HOLLAND', 'OH'),
('43529', '41.187234', '-83.784704', 'HOYTVILLE', 'OH'),
('43530', '41.325764', '-84.279306', 'JEWELL', 'OH'),
('43531', '41.634007', '-84.502598', 'KUNKLE', 'OH'),
('43532', '41.429356', '-84.008448', 'LIBERTY CENTER', 'OH'),
('43533', '41.685750', '-84.161891', 'LYONS', 'OH'),
('43534', '41.356582', '-83.941313', 'MC CLURE', 'OH'),
('43535', '41.305439', '-84.003632', 'MALINTA', 'OH'),
('43536', '41.310850', '-84.640393', 'MARK CENTER', 'OH'),
('43537', '41.571251', '-83.685036', 'MAUMEE', 'OH'),
('43540', '41.688656', '-84.104541', 'METAMORA', 'OH'),
('43541', '41.300891', '-83.829596', 'MILTON CENTER', 'OH'),
('43542', '41.577251', '-83.772378', 'MONCLOVA', 'OH'),
('43543', '41.606061', '-84.588777', 'MONTPELIER', 'OH'),
('43545', '41.355586', '-84.123028', 'NAPOLEON', 'OH'),
('43547', '41.491952', '-83.870598', 'NEAPOLIS', 'OH'),
('43548', '41.194308', '-84.141421', 'NEW BAVARIA', 'OH'),
('43549', '41.361864', '-84.515820', 'NEY', 'OH'),
('43550', '41.326664', '-84.111701', 'OKOLONA', 'OH'),
('43551', '41.535057', '-83.577701', 'PERRYSBURG', 'OH'),
('43552', '41.392350', '-83.648996', 'PERRYSBURG', 'OH'),
('43553', '41.531033', '-84.225646', 'PETTISVILLE', 'OH'),
('43554', '41.648218', '-84.585241', 'PIONEER', 'OH'),
('43555', '41.435059', '-84.254414', 'RIDGEVILLE CORNERS', 'OH'),
('43556', '41.318045', '-84.569545', 'SHERWOOD', 'OH'),
('43557', '41.488708', '-84.409876', 'STRYKER', 'OH'),
('43558', '41.593787', '-84.103035', 'SWANTON', 'OH'),
('43560', '41.692900', '-83.727737', 'SYLVANIA', 'OH'),
('43565', '41.423102', '-83.747936', 'TONTOGANY', 'OH'),
('43566', '41.513751', '-83.765287', 'WATERVILLE', 'OH'),
('43567', '41.591510', '-84.178148', 'WAUSEON', 'OH'),
('43569', '41.350020', '-83.796033', 'WESTON', 'OH'),
('43570', '41.591453', '-84.447033', 'WEST UNITY', 'OH'),
('43571', '41.509602', '-83.801789', 'WHITEHOUSE', 'OH'),
('43601', '41.720684', '-83.569359', 'TOLEDO', 'OH'),
('43602', '41.647449', '-83.548128', 'TOLEDO', 'OH'),
('43603', '41.686778', '-83.439430', 'TOLEDO', 'OH'),
('43604', '41.655798', '-83.536833', 'TOLEDO', 'OH'),
('43605', '41.652548', '-83.508482', 'TOLEDO', 'OH'),
('43606', '41.674099', '-83.604535', 'TOLEDO', 'OH'),
('43607', '41.647399', '-83.606785', 'TOLEDO', 'OH'),
('43608', '41.681648', '-83.531983', 'TOLEDO', 'OH'),
('43609', '41.624749', '-83.584234', 'TOLEDO', 'OH'),
('43610', '41.673449', '-83.556083', 'TOLEDO', 'OH'),
('43611', '41.698298', '-83.486382', 'TOLEDO', 'OH'),
('43612', '41.695847', '-83.460181', 'TOLEDO', 'OH'),
('43613', '41.703548', '-83.606235', 'TOLEDO', 'OH'),
('43614', '41.609041', '-83.633941', 'TOLEDO', 'OH'),
('43615', '41.649600', '-83.678586', 'TOLEDO', 'OH'),
('43616', '41.656948', '-83.444330', 'OREGON', 'OH'),
('43617', '41.667650', '-83.722437', 'TOLEDO', 'OH'),
('43618', '41.656948', '-83.399129', 'OREGON', 'OH'),
('43619', '41.596099', '-83.485681', 'NORTHWOOD', 'OH'),
('43620', '41.664849', '-83.553933', 'TOLEDO', 'OH'),
('43623', '41.702949', '-83.682686', 'TOLEDO', 'OH'),
('43624', '41.654599', '-83.546233', 'TOLEDO', 'OH'),
('43635', '41.686778', '-83.439430', 'TOLEDO', 'OH'),
('43652', '41.686778', '-83.439430', 'TOLEDO', 'OH'),
('43653', '41.686778', '-83.439430', 'TOLEDO', 'OH'),
('43654', '41.686778', '-83.439430', 'TOLEDO', 'OH'),
('43655', '41.686778', '-83.439430', 'TOLEDO', 'OH'),
('43656', '41.678167', '-83.497155', 'TOLEDO', 'OH'),
('43657', '41.686778', '-83.439430', 'TOLEDO', 'OH'),
('43659', '41.686778', '-83.439430', 'TOLEDO', 'OH'),
('43660', '41.654649', '-83.532883', 'TOLEDO', 'OH'),
('43661', '41.678167', '-83.497155', 'TOLEDO', 'OH'),
('43666', '41.678167', '-83.497155', 'TOLEDO', 'OH'),
('43667', '41.686778', '-83.439430', 'TOLEDO', 'OH'),
('43681', '41.686778', '-83.439430', 'TOLEDO', 'OH'),
('43682', '41.686778', '-83.439430', 'TOLEDO', 'OH'),
('43697', '41.686778', '-83.439430', 'TOLEDO', 'OH'),
('43699', '41.653788', '-83.658937', 'TOLEDO', 'OH'),
('43701', '39.927415', '-82.004058', 'ZANESVILLE', 'OH'),
('43702', '39.961236', '-81.962539', 'ZANESVILLE', 'OH'),
('43711', '39.827556', '-81.554854', 'AVA', 'OH'),
('43713', '39.985318', '-81.137495', 'BARNESVILLE', 'OH'),
('43716', '39.780188', '-80.991731', 'BEALLSVILLE', 'OH'),
('43717', '39.768475', '-81.465752', 'BELLE VALLEY', 'OH'),
('43718', '40.004009', '-80.988043', 'BELMONT', 'OH'),
('43719', '39.996312', '-81.065991', 'BETHESDA', 'OH'),
('43720', '39.820021', '-81.876343', 'BLUE ROCK', 'OH'),
('43721', '39.945180', '-82.255984', 'BROWNSVILLE', 'OH'),
('43722', '39.919440', '-81.531130', 'BUFFALO', 'OH'),
('43723', '39.953185', '-81.531919', 'BYESVILLE', 'OH'),
('43724', '39.744446', '-81.483049', 'CALDWELL', 'OH'),
('43725', '40.027010', '-81.582025', 'CAMBRIDGE', 'OH'),
('43727', '39.865211', '-81.799363', 'CHANDLERSVILLE', 'OH'),
('43728', '39.497841', '-81.898307', 'CHESTERHILL', 'OH'),
('43730', '39.636069', '-82.110219', 'CORNING', 'OH'),
('43731', '39.704142', '-82.165011', 'CROOKSVILLE', 'OH'),
('43732', '39.888120', '-81.617372', 'CUMBERLAND', 'OH'),
('43733', '39.923616', '-81.542965', 'DERWENT', 'OH'),
('43734', '39.872071', '-81.894220', 'DUNCAN FALLS', 'OH'),
('43735', '39.853931', '-82.121262', 'EAST FULTONHAM', 'OH'),
('43736', '40.064971', '-81.255793', 'FAIRVIEW', 'OH'),
('43738', '39.855525', '-82.137754', 'FULTONHAM', 'OH'),
('43739', '39.884312', '-82.297706', 'GLENFORD', 'OH'),
('43740', '39.953262', '-82.211784', 'GRATIOT', 'OH'),
('43746', '39.970024', '-82.174647', 'HOPEWELL', 'OH'),
('43747', '39.825880', '-81.123561', 'JERUSALEM', 'OH'),
('43748', '39.684697', '-82.302787', 'JUNCTION CITY', 'OH'),
('43749', '40.158911', '-81.548992', 'KIMBOLTON', 'OH'),
('43750', '39.994467', '-81.500579', 'KIPLING', 'OH'),
('43752', '39.717086', '-81.009999', 'LAINGS', 'OH'),
('43754', '39.746070', '-81.227706', 'LEWISVILLE', 'OH'),
('43755', '40.052671', '-81.435723', 'LORE CITY', 'OH'),
('43756', '39.676688', '-81.812560', 'MC CONNELSVILLE', 'OH'),
('43757', '39.859373', '-81.151604', 'MALAGA', 'OH'),
('43758', '39.632381', '-81.908715', 'MALTA', 'OH'),
('43759', '40.011338', '-80.970135', 'MORRISTOWN', 'OH'),
('43760', '39.760789', '-82.207750', 'MOUNT PERRY', 'OH'),
('43761', '39.740299', '-82.248369', 'MOXAHALA', 'OH'),
('43762', '40.024342', '-81.767017', 'NEW CONCORD', 'OH'),
('43764', '39.706051', '-82.206140', 'NEW LEXINGTON', 'OH'),
('43766', '39.619477', '-82.252758', 'NEW STRAITSVILLE', 'OH'),
('43767', '40.011106', '-81.804302', 'NORWICH', 'OH'),
('43768', '40.039201', '-81.452164', 'OLD WASHINGTON', 'OH'),
('43771', '39.822159', '-81.954582', 'PHILO', 'OH'),
('43772', '39.918285', '-81.551647', 'PLEASANT CITY', 'OH'),
('43773', '40.040755', '-81.313561', 'QUAKER CITY', 'OH'),
('43777', '39.821869', '-82.039389', 'ROSEVILLE', 'OH'),
('43778', '40.015591', '-81.373692', 'SALESVILLE', 'OH'),
('43779', '39.816285', '-81.428046', 'SARAHSVILLE', 'OH'),
('43780', '39.942700', '-81.458577', 'SENECAVILLE', 'OH'),
('43782', '39.625239', '-82.214886', 'SHAWNEE', 'OH'),
('43783', '39.736529', '-82.278894', 'SOMERSET', 'OH'),
('43786', '39.711168', '-81.275824', 'STAFFORD', 'OH'),
('43787', '39.548994', '-81.826194', 'STOCKPORT', 'OH'),
('43788', '39.795107', '-81.370927', 'SUMMERFIELD', 'OH'),
('43789', '39.654386', '-81.240732', 'SYCAMORE VALLEY', 'OH'),
('43791', '39.871330', '-82.098668', 'WHITE COTTAGE', 'OH'),
('43793', '39.751516', '-81.075921', 'WOODSFIELD', 'OH'),
('43802', '40.090767', '-81.855203', 'ADAMSVILLE', 'OH'),
('43803', '40.357237', '-81.643638', 'BAKERSVILLE', 'OH'),
('43804', '40.426559', '-81.674440', 'BALTIC', 'OH'),
('43805', '40.398274', '-81.968787', 'BLISSFIELD', 'OH'),
('43811', '40.247685', '-81.929225', 'CONESVILLE', 'OH'),
('43812', '40.300934', '-81.864066', 'COSHOCTON', 'OH'),
('43821', '40.106916', '-81.999822', 'DRESDEN', 'OH'),
('43822', '40.108668', '-82.103212', 'FRAZEYSBURG', 'OH'),
('43824', '40.364667', '-81.755507', 'FRESNO', 'OH'),
('43828', '40.351271', '-81.873607', 'KEENE', 'OH'),
('43830', '40.063883', '-82.099574', 'NASHPORT', 'OH'),
('43832', '40.330310', '-81.571033', 'NEWCOMERSTOWN', 'OH'),
('43836', '40.200382', '-81.720675', 'PLAINFIELD', 'OH'),
('43837', '40.306936', '-81.467895', 'PORT WASHINGTON', 'OH'),
('43840', '40.404888', '-81.602889', 'STONE CREEK', 'OH'),
('43842', '40.143323', '-81.995016', 'TRINWAY', 'OH'),
('43843', '40.340702', '-82.155887', 'WALHONDING', 'OH'),
('43844', '40.319800', '-81.958266', 'WARSAW', 'OH'),
('43845', '40.274460', '-81.824640', 'WEST LAFAYETTE', 'OH'),
('43901', '40.260579', '-80.789377', 'ADENA', 'OH'),
('43902', '39.894917', '-80.980056', 'ALLEDONIA', 'OH'),
('43903', '40.486354', '-80.845050', 'AMSTERDAM', 'OH'),
('43905', '40.107367', '-80.844410', 'BARTON', 'OH'),
('43906', '39.991864', '-80.805716', 'BELLAIRE', 'OH'),
('43907', '40.263163', '-81.030687', 'CADIZ', 'OH'),
('43908', '40.500220', '-80.856529', 'BERGHOLZ', 'OH'),
('43909', '40.070102', '-80.817605', 'BLAINE', 'OH'),
('43910', '40.341244', '-80.774815', 'BLOOMINGDALE', 'OH'),
('43912', '40.092799', '-80.788948', 'BRIDGEPORT', 'OH'),
('43913', '40.323767', '-80.768624', 'BRILLIANT', 'OH'),
('43914', '39.768729', '-80.945431', 'CAMERON', 'OH'),
('43915', '39.744008', '-80.903818', 'CLARINGTON', 'OH'),
('43916', '40.122351', '-80.814948', 'COLERAIN', 'OH'),
('43917', '40.333811', '-80.772660', 'DILLONVALE', 'OH'),
('43920', '40.677372', '-80.600629', 'EAST LIVERPOOL', 'OH'),
('43925', '40.415106', '-80.756661', 'EAST SPRINGFIELD', 'OH'),
('43926', '40.509225', '-80.624051', 'EMPIRE', 'OH'),
('43927', '40.122450', '-80.938031', 'FAIRPOINT', 'OH'),
('43928', '40.010896', '-80.899286', 'GLENCOE', 'OH'),
('43930', '40.460885', '-80.719014', 'HAMMONDSVILLE', 'OH'),
('43931', '39.676317', '-80.891369', 'HANNIBAL', 'OH'),
('43932', '40.525504', '-80.763971', 'IRONDALE', 'OH'),
('43933', '39.937228', '-80.888014', 'JACOBSBURG', 'OH'),
('43934', '40.079975', '-80.800316', 'LANSING', 'OH'),
('43935', '40.117231', '-80.758087', 'MARTINS FERRY', 'OH'),
('43937', '40.130167', '-80.877264', 'MAYNARD', 'OH'),
('43938', '40.358475', '-80.762054', 'MINGO JUNCTION', 'OH'),
('43939', '40.176990', '-80.782734', 'MOUNT PLEASANT', 'OH'),
('43940', '40.028448', '-80.824454', 'NEFFS', 'OH'),
('43941', '40.263948', '-80.835767', 'PINEY FORK', 'OH'),
('43942', '40.006175', '-80.960745', 'POWHATAN POINT', 'OH'),
('43943', '40.337357', '-80.771562', 'RAYLAND', 'OH'),
('43944', '40.441964', '-80.791768', 'RICHMOND', 'OH'),
('43945', '40.649533', '-80.822333', 'SALINEVILLE', 'OH'),
('43946', '39.646018', '-80.970678', 'SARDIS', 'OH'),
('43947', '39.950713', '-80.804364', 'SHADYSIDE', 'OH'),
('43948', '40.280060', '-80.784927', 'SMITHFIELD', 'OH'),
('43950', '40.077792', '-80.978797', 'SAINT CLAIRSVILLE', 'OH'),
('43951', '40.110980', '-81.010169', 'LAFFERTY', 'OH'),
('43952', '40.349541', '-80.746759', 'STEUBENVILLE', 'OH'),
('43953', '40.352418', '-80.678099', 'STEUBENVILLE', 'OH'),
('43961', '40.518479', '-80.628515', 'STRATTON', 'OH'),
('43962', '40.679456', '-80.881583', 'SUMMITVILLE', 'OH'),
('43963', '40.226760', '-80.738107', 'TILTONSVILLE', 'OH'),
('43964', '40.477049', '-80.670057', 'TORONTO', 'OH'),
('43966', '40.360979', '-80.839519', 'UNIONPORT', 'OH'),
('43967', '40.020007', '-80.916901', 'WARNOCK', 'OH'),
('43968', '40.650362', '-80.692008', 'WELLSVILLE', 'OH'),
('43970', '40.469470', '-80.889206', 'WOLF RUN', 'OH'),
('43971', '40.338699', '-80.810216', 'YORKVILLE', 'OH'),
('43972', '40.103155', '-80.975639', 'BANNOCK', 'OH'),
('43973', '40.230697', '-81.223669', 'FREEPORT', 'OH'),
('43974', '40.181476', '-80.888159', 'HARRISVILLE', 'OH'),
('43976', '40.314449', '-81.070506', 'HOPEDALE', 'OH'),
('43977', '40.115634', '-81.090224', 'FLUSHING', 'OH'),
('43981', '40.183933', '-80.995856', 'NEW ATHENS', 'OH'),
('43983', '40.134188', '-81.194538', 'PIEDMONT', 'OH'),
('43984', '40.296490', '-81.102502', 'NEW RUMLEY', 'OH'),
('43985', '40.011338', '-80.970135', 'HOLLOWAY', 'OH'),
('43986', '40.370274', '-80.996826', 'JEWETT', 'OH'),
('43988', '40.307421', '-81.104831', 'SCIO', 'OH'),
('43989', '40.296490', '-81.102502', 'SHORT CREEK', 'OH'),
('44001', '41.361746', '-82.253828', 'AMHERST', 'OH'),
('44003', '41.740136', '-80.602278', 'ANDOVER', 'OH'),
('44004', '41.772583', '-80.743490', 'ASHTABULA', 'OH'),
('44005', '41.730146', '-80.955313', 'ASHTABULA', 'OH'),
('44010', '41.772459', '-80.856463', 'AUSTINBURG', 'OH'),
('44011', '41.448492', '-82.019866', 'AVON', 'OH'),
('44012', '41.496740', '-82.017527', 'AVON LAKE', 'OH'),
('44017', '41.456905', '-81.693019', 'BEREA', 'OH'),
('44021', '41.447117', '-81.152938', 'BURTON', 'OH'),
('44022', '41.449353', '-81.431436', 'CHAGRIN FALLS', 'OH'),
('44023', '41.387203', '-81.304222', 'CHAGRIN FALLS', 'OH'),
('44024', '41.572432', '-81.157142', 'CHARDON', 'OH'),
('44026', '41.530351', '-81.307472', 'CHESTERLAND', 'OH'),
('44028', '41.305600', '-81.949111', 'COLUMBIA STATION', 'OH'),
('44030', '41.756356', '-80.616195', 'CONNEAUT', 'OH'),
('44032', '41.677076', '-80.673288', 'DORSET', 'OH'),
('44033', '41.533350', '-81.111175', 'EAST CLARIDON', 'OH'),
('44035', '41.371396', '-82.105112', 'ELYRIA', 'OH'),
('44036', '41.401494', '-82.077068', 'ELYRIA', 'OH'),
('44039', '41.377776', '-82.019365', 'NORTH RIDGEVILLE', 'OH'),
('44040', '41.513251', '-81.414597', 'GATES MILLS', 'OH'),
('44041', '41.736396', '-80.785627', 'GENEVA', 'OH'),
('44044', '41.274500', '-82.046168', 'GRAFTON', 'OH'),
('44045', '41.742693', '-81.282125', 'GRAND RIVER', 'OH'),
('44046', '41.538433', '-81.073366', 'HUNTSBURG', 'OH'),
('44047', '41.700536', '-80.693315', 'JEFFERSON', 'OH'),
('44048', '41.846175', '-80.647299', 'KINGSVILLE', 'OH'),
('44049', '41.266350', '-82.306383', 'KIPTON', 'OH'),
('44050', '41.258201', '-82.119671', 'LAGRANGE', 'OH'),
('44052', '41.450991', '-82.166534', 'LORAIN', 'OH'),
('44053', '41.425292', '-82.218185', 'LORAIN', 'OH'),
('44054', '41.463541', '-82.089769', 'SHEFFIELD LAKE', 'OH'),
('44055', '41.434492', '-82.134021', 'LORAIN', 'OH'),
('44056', '41.311288', '-81.492511', 'MACEDONIA', 'OH'),
('44057', '41.781467', '-81.073247', 'MADISON', 'OH'),
('44060', '41.679291', '-81.328779', 'MENTOR', 'OH'),
('44061', '41.910676', '-81.249027', 'MENTOR', 'OH'),
('44062', '41.453242', '-81.068303', 'MIDDLEFIELD', 'OH'),
('44064', '41.603114', '-81.051767', 'MONTVILLE', 'OH'),
('44065', '41.456099', '-81.273831', 'NEWBURY', 'OH'),
('44067', '41.306454', '-81.540790', 'NORTHFIELD', 'OH'),
('44068', '41.904594', '-80.685034', 'NORTH KINGSVILLE', 'OH'),
('44070', '41.417347', '-81.922461', 'NORTH OLMSTED', 'OH'),
('44072', '41.468754', '-81.328211', 'NOVELTY', 'OH'),
('44073', '41.837043', '-80.955545', 'NOVELTY', 'OH'),
('44074', '41.294649', '-82.227628', 'OBERLIN', 'OH'),
('44076', '41.588584', '-80.834349', 'ORWELL', 'OH'),
('44077', '41.707918', '-81.199030', 'PAINESVILLE', 'OH'),
('44080', '41.364495', '-81.053411', 'PARKMAN', 'OH'),
('44081', '41.768495', '-81.146260', 'PERRY', 'OH'),
('44082', '41.769302', '-80.573251', 'PIERPONT', 'OH'),
('44084', '41.689765', '-80.905118', 'ROCK CREEK', 'OH'),
('44085', '41.624828', '-80.770777', 'ROME', 'OH'),
('44086', '41.673116', '-81.052453', 'THOMPSON', 'OH'),
('44087', '41.313304', '-81.440435', 'TWINSBURG', 'OH'),
('44088', '41.783323', '-81.003385', 'UNIONVILLE', 'OH'),
('44089', '41.380755', '-82.401637', 'VERMILION', 'OH'),
('44090', '41.160846', '-82.211778', 'WELLINGTON', 'OH'),
('44092', '41.597299', '-81.458638', 'WICKLIFFE', 'OH'),
('44093', '41.535263', '-80.726693', 'WILLIAMSFIELD', 'OH'),
('44094', '41.637997', '-81.377383', 'WILLOUGHBY', 'OH'),
('44095', '41.658653', '-81.444531', 'EASTLAKE', 'OH'),
('44096', '41.910676', '-81.249027', 'WILLOUGHBY', 'OH'),
('44097', '41.910676', '-81.249027', 'EASTLAKE', 'OH'),
('44099', '41.549414', '-80.967673', 'WINDSOR', 'OH'),
('44101', '41.523401', '-81.599648', 'CLEVELAND', 'OH'),
('44102', '41.472250', '-81.740305', 'CLEVELAND', 'OH'),
('44103', '41.518050', '-81.642500', 'CLEVELAND', 'OH'),
('44104', '41.480502', '-81.629599', 'CLEVELAND', 'OH'),
('44105', '41.452502', '-81.632912', 'CLEVELAND', 'OH'),
('44106', '41.504751', '-81.602799', 'CLEVELAND', 'OH'),
('44107', '41.514849', '-81.637249', 'LAKEWOOD', 'OH'),
('44108', '41.543450', '-81.608297', 'CLEVELAND', 'OH'),
('44109', '41.445963', '-81.698483', 'CLEVELAND', 'OH'),
('44110', '41.564100', '-81.571560', 'CLEVELAND', 'OH'),
('44111', '41.459500', '-81.787006', 'CLEVELAND', 'OH'),
('44112', '41.528632', '-81.545576', 'CLEVELAND', 'OH'),
('44113', '41.473782', '-81.642970', 'CLEVELAND', 'OH'),
('44114', '41.514500', '-81.677302', 'CLEVELAND', 'OH'),
('44115', '41.490351', '-81.675602', 'CLEVELAND', 'OH'),
('44116', '41.469497', '-81.849209', 'ROCKY RIVER', 'OH'),
('44117', '41.566834', '-81.526142', 'EUCLID', 'OH'),
('44118', '41.500752', '-81.551645', 'CLEVELAND', 'OH'),
('44119', '41.583849', '-81.544409', 'CLEVELAND', 'OH'),
('44120', '41.473102', '-81.579746', 'CLEVELAND', 'OH'),
('44121', '41.527651', '-81.532344', 'CLEVELAND', 'OH'),
('44122', '41.473248', '-81.505389', 'BEACHWOOD', 'OH'),
('44123', '41.602548', '-81.525842', 'EUCLID', 'OH'),
('44124', '41.501001', '-81.469427', 'CLEVELAND', 'OH'),
('44125', '41.433490', '-81.632298', 'CLEVELAND', 'OH'),
('44126', '41.442927', '-81.852959', 'CLEVELAND', 'OH'),
('44127', '41.472551', '-81.649190', 'CLEVELAND', 'OH'),
('44128', '41.439352', '-81.533893', 'CLEVELAND', 'OH'),
('44129', '41.437052', '-81.626348', 'CLEVELAND', 'OH'),
('44130', '41.382600', '-81.796406', 'CLEVELAND', 'OH'),
('44131', '41.395652', '-81.642310', 'INDEPENDENCE', 'OH'),
('44132', '41.606049', '-81.510858', 'EUCLID', 'OH');
INSERT INTO `zipcode` (`zipCode`, `zipCodeLat`, `zipCodeLon`, `zipCodeCity`, `zipCodeState`) VALUES
('44133', '41.314603', '-81.745102', 'NORTH ROYALTON', 'OH'),
('44134', '41.381701', '-81.726551', 'CLEVELAND', 'OH'),
('44135', '41.479700', '-81.653799', 'CLEVELAND', 'OH'),
('44136', '41.313268', '-81.831656', 'STRONGSVILLE', 'OH'),
('44137', '41.404703', '-81.557493', 'MAPLE HEIGHTS', 'OH'),
('44138', '41.465600', '-81.768304', 'OLMSTED FALLS', 'OH'),
('44139', '41.386753', '-81.440322', 'SOLON', 'OH'),
('44140', '41.490967', '-81.921513', 'BAY VILLAGE', 'OH'),
('44141', '41.362052', '-81.643247', 'BRECKSVILLE', 'OH'),
('44142', '41.401000', '-81.832107', 'BROOKPARK', 'OH'),
('44143', '41.559150', '-81.482790', 'CLEVELAND', 'OH'),
('44144', '41.438501', '-81.739804', 'CLEVELAND', 'OH'),
('44145', '41.445145', '-81.921811', 'WESTLAKE', 'OH'),
('44146', '41.389054', '-81.536842', 'BEDFORD', 'OH'),
('44147', '41.314053', '-81.673099', 'BROADVIEW HEIGHTS', 'OH'),
('44149', '0.000000', '0.000000', 'STRONGSVILLE', 'OH'),
('44177', '41.685744', '-81.672797', 'CLEVELAND', 'OH'),
('44178', '41.685744', '-81.672797', 'CLEVELAND', 'OH'),
('44179', '41.685744', '-81.672797', 'CLEVELAND', 'OH'),
('44181', '41.685744', '-81.672797', 'CLEVELAND', 'OH'),
('44184', '41.685744', '-81.672797', 'CLEVELAND', 'OH'),
('44185', '41.685744', '-81.672797', 'CLEVELAND', 'OH'),
('44186', '41.685744', '-81.672797', 'CLEVELAND', 'OH'),
('44188', '41.685744', '-81.672797', 'CLEVELAND', 'OH'),
('44189', '41.685744', '-81.672797', 'CLEVELAND', 'OH'),
('44190', '41.685744', '-81.672797', 'CLEVELAND', 'OH'),
('44191', '41.685744', '-81.672797', 'CLEVELAND', 'OH'),
('44192', '41.685744', '-81.672797', 'CLEVELAND', 'OH'),
('44193', '41.685744', '-81.672797', 'CLEVELAND', 'OH'),
('44194', '41.685744', '-81.672797', 'CLEVELAND', 'OH'),
('44195', '41.685744', '-81.672797', 'CLEVELAND', 'OH'),
('44197', '41.685744', '-81.672797', 'CLEVELAND', 'OH'),
('44198', '41.685744', '-81.672797', 'CLEVELAND', 'OH'),
('44199', '41.685744', '-81.672797', 'CLEVELAND', 'OH'),
('44201', '41.040507', '-81.194614', 'ATWATER', 'OH'),
('44202', '41.311704', '-81.292977', 'AURORA', 'OH'),
('44203', '41.019655', '-81.621195', 'BARBERTON', 'OH'),
('44210', '41.128705', '-81.539990', 'BATH', 'OH'),
('44211', '41.169816', '-81.312416', 'BRADY LAKE', 'OH'),
('44212', '41.206132', '-81.822810', 'BRUNSWICK', 'OH'),
('44214', '40.927483', '-81.996351', 'BURBANK', 'OH'),
('44215', '41.065342', '-81.901693', 'CHIPPEWA LAKE', 'OH'),
('44216', '40.948706', '-81.571443', 'CLINTON', 'OH'),
('44217', '40.945417', '-81.912937', 'CRESTON', 'OH'),
('44221', '41.143906', '-81.473585', 'CUYAHOGA FALLS', 'OH'),
('44222', '41.128705', '-81.539990', 'CUYAHOGA FALLS', 'OH'),
('44223', '41.170605', '-81.526738', 'CUYAHOGA FALLS', 'OH'),
('44224', '41.172402', '-81.450184', 'STOW', 'OH'),
('44230', '40.958926', '-81.770787', 'DOYLESTOWN', 'OH'),
('44231', '41.291405', '-81.081534', 'GARRETTSVILLE', 'OH'),
('44232', '40.932506', '-81.461987', 'GREEN', 'OH'),
('44233', '41.236480', '-81.736072', 'HINCKLEY', 'OH'),
('44234', '41.310354', '-81.165200', 'HIRAM', 'OH'),
('44235', '41.038796', '-82.113597', 'HOMERVILLE', 'OH'),
('44236', '41.244023', '-81.476335', 'HUDSON', 'OH'),
('44237', '41.128705', '-81.539990', 'HUDSON', 'OH'),
('44238', '41.128705', '-81.539990', 'HUDSON', 'OH'),
('44240', '41.205705', '-81.313278', 'KENT', 'OH'),
('44241', '41.241655', '-81.340528', 'STREETSBORO', 'OH'),
('44242', '41.170006', '-81.196615', 'KENT', 'OH'),
('44243', '41.147537', '-81.341531', 'KENT', 'OH'),
('44250', '41.022156', '-81.427942', 'LAKEMORE', 'OH'),
('44251', '41.028837', '-81.928342', 'WESTFIELD CENTER', 'OH'),
('44253', '41.162553', '-82.020109', 'LITCHFIELD', 'OH'),
('44254', '41.044913', '-81.992065', 'LODI', 'OH'),
('44255', '41.282355', '-81.229924', 'MANTUA', 'OH'),
('44256', '41.109975', '-81.855048', 'MEDINA', 'OH'),
('44258', '41.127594', '-81.841079', 'MEDINA', 'OH'),
('44260', '41.026954', '-81.404982', 'MOGADORE', 'OH'),
('44262', '41.138206', '-81.431677', 'MUNROE FALLS', 'OH'),
('44264', '41.230355', '-81.549261', 'PENINSULA', 'OH'),
('44265', '41.010907', '-81.297727', 'RANDOLPH', 'OH'),
('44266', '41.163755', '-81.172922', 'RAVENNA', 'OH'),
('44270', '40.949448', '-81.862397', 'RITTMAN', 'OH'),
('44272', '41.078728', '-81.173572', 'ROOTSTOWN', 'OH'),
('44273', '41.044552', '-81.960694', 'SEVILLE', 'OH'),
('44274', '41.099240', '-81.734329', 'SHARON CENTER', 'OH'),
('44275', '41.081789', '-82.052299', 'SPENCER', 'OH'),
('44276', '40.936853', '-81.830515', 'STERLING', 'OH'),
('44278', '41.096656', '-81.428883', 'TALLMADGE', 'OH'),
('44280', '41.233736', '-81.917187', 'VALLEY CITY', 'OH'),
('44281', '41.071841', '-81.751008', 'WADSWORTH', 'OH'),
('44282', '41.132725', '-81.929185', 'WADSWORTH', 'OH'),
('44285', '41.159706', '-81.070017', 'WAYLAND', 'OH'),
('44286', '41.235492', '-81.621093', 'RICHFIELD', 'OH'),
('44287', '40.925084', '-82.070909', 'WEST SALEM', 'OH'),
('44288', '41.239066', '-81.096118', 'WINDHAM', 'OH'),
('44301', '41.012239', '-81.507831', 'AKRON', 'OH'),
('44302', '41.090605', '-81.539039', 'AKRON', 'OH'),
('44303', '41.104355', '-81.535089', 'AKRON', 'OH'),
('44304', '41.083293', '-81.506187', 'AKRON', 'OH'),
('44305', '41.078706', '-81.458435', 'AKRON', 'OH'),
('44306', '41.041805', '-81.479986', 'AKRON', 'OH'),
('44307', '41.073207', '-81.543889', 'AKRON', 'OH'),
('44308', '41.082455', '-81.517438', 'AKRON', 'OH'),
('44309', '41.096205', '-81.512338', 'AKRON', 'OH'),
('44310', '41.105505', '-81.498182', 'AKRON', 'OH'),
('44311', '41.064955', '-81.522838', 'AKRON', 'OH'),
('44312', '41.018961', '-81.443312', 'AKRON', 'OH'),
('44313', '41.161120', '-81.576591', 'AKRON', 'OH'),
('44314', '41.041555', '-81.559791', 'AKRON', 'OH'),
('44315', '41.027977', '-81.463238', 'AKRON', 'OH'),
('44316', '41.067506', '-81.484686', 'AKRON', 'OH'),
('44317', '41.052455', '-81.529139', 'AKRON', 'OH'),
('44319', '40.978755', '-81.524376', 'AKRON', 'OH'),
('44320', '41.077390', '-81.579391', 'AKRON', 'OH'),
('44321', '41.100154', '-81.644346', 'AKRON', 'OH'),
('44322', '41.049143', '-81.581032', 'AKRON', 'OH'),
('44325', '41.076425', '-81.510260', 'AKRON', 'OH'),
('44326', '41.172713', '-81.472701', 'AKRON', 'OH'),
('44328', '41.075955', '-81.520588', 'AKRON', 'OH'),
('44333', '41.155154', '-81.631394', 'AKRON', 'OH'),
('44334', '41.128705', '-81.539990', 'FAIRLAWN', 'OH'),
('44372', '41.128705', '-81.539990', 'AKRON', 'OH'),
('44393', '41.128705', '-81.539990', 'AKRON', 'OH'),
('44396', '41.128705', '-81.539990', 'AKRON', 'OH'),
('44397', '41.071603', '-81.525556', 'AKRON', 'OH'),
('44398', '41.128705', '-81.539990', 'AKRON', 'OH'),
('44399', '41.128705', '-81.539990', 'AKRON', 'OH'),
('44401', '41.034545', '-80.928626', 'BERLIN CENTER', 'OH'),
('44402', '41.376806', '-80.866704', 'BRISTOLVILLE', 'OH'),
('44403', '41.238176', '-80.573511', 'BROOKFIELD', 'OH'),
('44404', '41.329006', '-80.559111', 'BURGHILL', 'OH'),
('44405', '41.077708', '-80.591894', 'CAMPBELL', 'OH'),
('44406', '41.008621', '-80.822094', 'CANFIELD', 'OH'),
('44408', '40.857858', '-80.730023', 'COLUMBIANA', 'OH'),
('44410', '41.354945', '-80.778301', 'CORTLAND', 'OH'),
('44411', '41.037807', '-81.061016', 'DEERFIELD', 'OH'),
('44412', '41.102836', '-81.049216', 'DIAMOND', 'OH'),
('44413', '40.837509', '-80.646556', 'EAST PALESTINE', 'OH'),
('44415', '40.763040', '-80.704245', 'ELKTON', 'OH'),
('44416', '41.017082', '-80.802854', 'ELLSWORTH', 'OH'),
('44417', '41.416766', '-80.667111', 'FARMDALE', 'OH'),
('44418', '41.307463', '-80.602868', 'FOWLER', 'OH'),
('44420', '41.171330', '-80.795028', 'GIRARD', 'OH'),
('44422', '41.017082', '-80.802854', 'GREENFORD', 'OH'),
('44423', '40.760843', '-80.887866', 'HANOVERTON', 'OH'),
('44424', '41.309096', '-80.584681', 'HARTFORD', 'OH'),
('44425', '41.236088', '-80.736973', 'HUBBARD', 'OH'),
('44427', '40.729298', '-80.942791', 'KENSINGTON', 'OH'),
('44428', '41.327247', '-80.601336', 'KINSMAN', 'OH'),
('44429', '41.097587', '-80.973988', 'LAKE MILTON', 'OH'),
('44430', '41.241120', '-80.886138', 'LEAVITTSBURG', 'OH'),
('44431', '40.837984', '-80.749844', 'LEETONIA', 'OH'),
('44432', '40.743051', '-80.745313', 'LISBON', 'OH'),
('44436', '41.056428', '-80.549561', 'LOWELLVILLE', 'OH'),
('44437', '41.151895', '-80.751899', 'MC DONALD', 'OH'),
('44438', '41.263559', '-80.544440', 'MASURY', 'OH'),
('44439', '41.459359', '-80.942716', 'MESOPOTAMIA', 'OH'),
('44440', '41.168441', '-80.782090', 'MINERAL RIDGE', 'OH'),
('44441', '40.763029', '-80.572088', 'NEGLEY', 'OH'),
('44442', '40.965525', '-80.549020', 'NEW MIDDLETOWN', 'OH'),
('44443', '40.928876', '-80.587833', 'NEW SPRINGFIELD', 'OH'),
('44444', '41.197392', '-80.952731', 'NEWTON FALLS', 'OH'),
('44445', '40.843906', '-80.614381', 'NEW WATERFORD', 'OH'),
('44446', '41.186106', '-80.742459', 'NILES', 'OH'),
('44449', '40.967155', '-81.021052', 'NORTH BENTON', 'OH'),
('44450', '41.443995', '-80.818751', 'NORTH BLOOMFIELD', 'OH'),
('44451', '41.075435', '-80.866940', 'NORTH JACKSON', 'OH'),
('44452', '40.951177', '-80.662484', 'NORTH LIMA', 'OH'),
('44453', '41.325190', '-80.533572', 'ORANGEVILLE', 'OH'),
('44454', '40.929000', '-80.547580', 'PETERSBURG', 'OH'),
('44455', '40.778137', '-80.605674', 'ROGERS', 'OH'),
('44460', '40.862743', '-80.763459', 'SALEM', 'OH'),
('44470', '41.283579', '-80.952784', 'SOUTHINGTON', 'OH'),
('44471', '41.050058', '-80.591298', 'STRUTHERS', 'OH'),
('44473', '41.265600', '-80.704184', 'VIENNA', 'OH'),
('44481', '41.248912', '-80.867431', 'WARREN', 'OH'),
('44482', '41.317424', '-80.761269', 'WARREN', 'OH'),
('44483', '41.242576', '-80.720029', 'WARREN', 'OH'),
('44484', '41.241952', '-80.760752', 'WARREN', 'OH'),
('44485', '41.249104', '-80.843900', 'WARREN', 'OH'),
('44486', '41.317424', '-80.761269', 'WARREN', 'OH'),
('44487', '41.317424', '-80.761269', 'WARREN', 'OH'),
('44488', '41.317424', '-80.761269', 'WARREN', 'OH'),
('44490', '40.896699', '-80.767064', 'WASHINGTONVILLE', 'OH'),
('44491', '41.368863', '-80.950285', 'WEST FARMINGTON', 'OH'),
('44492', '40.709282', '-80.701410', 'WEST POINT', 'OH'),
('44493', '40.828584', '-80.896714', 'WINONA', 'OH'),
('44501', '41.017082', '-80.802854', 'YOUNGSTOWN', 'OH'),
('44502', '41.087352', '-80.638546', 'YOUNGSTOWN', 'OH'),
('44503', '41.099258', '-80.655146', 'YOUNGSTOWN', 'OH'),
('44504', '41.122607', '-80.655250', 'YOUNGSTOWN', 'OH'),
('44505', '41.108057', '-80.616596', 'YOUNGSTOWN', 'OH'),
('44506', '41.095258', '-80.626295', 'YOUNGSTOWN', 'OH'),
('44507', '41.074413', '-80.655046', 'YOUNGSTOWN', 'OH'),
('44509', '41.109533', '-80.693098', 'YOUNGSTOWN', 'OH'),
('44510', '41.120407', '-80.668447', 'YOUNGSTOWN', 'OH'),
('44511', '41.067608', '-80.698121', 'YOUNGSTOWN', 'OH'),
('44512', '41.025158', '-80.668667', 'YOUNGSTOWN', 'OH'),
('44513', '41.017082', '-80.802854', 'YOUNGSTOWN', 'OH'),
('44514', '41.009287', '-80.618344', 'YOUNGSTOWN', 'OH'),
('44515', '41.097937', '-80.759813', 'YOUNGSTOWN', 'OH'),
('44555', '41.103858', '-80.643646', 'YOUNGSTOWN', 'OH'),
('44598', '41.017082', '-80.802854', 'YOUNGSTOWN', 'OH'),
('44599', '41.017082', '-80.802854', 'YOUNGSTOWN', 'OH'),
('44601', '40.820292', '-81.335275', 'ALLIANCE', 'OH'),
('44606', '40.733099', '-81.763389', 'APPLE CREEK', 'OH'),
('44607', '40.686028', '-81.021870', 'AUGUSTA', 'OH'),
('44608', '40.665824', '-81.592696', 'BEACH CITY', 'OH'),
('44609', '40.941802', '-80.969891', 'BELOIT', 'OH'),
('44610', '40.547385', '-81.876602', 'BERLIN', 'OH'),
('44611', '40.598522', '-82.086715', 'BIG PRAIRIE', 'OH'),
('44612', '40.618002', '-81.449534', 'BOLIVAR', 'OH'),
('44613', '40.714208', '-81.595746', 'BREWSTER', 'OH'),
('44614', '40.808555', '-81.488163', 'CANAL FULTON', 'OH'),
('44615', '40.571861', '-81.064859', 'CARROLLTON', 'OH'),
('44617', '40.507088', '-81.782872', 'CHARM', 'OH'),
('44618', '40.757197', '-81.760920', 'DALTON', 'OH'),
('44619', '40.902146', '-80.962843', 'DAMASCUS', 'OH'),
('44620', '40.587709', '-81.226442', 'DELLROY', 'OH'),
('44621', '40.416656', '-81.352297', 'DENNISON', 'OH'),
('44622', '40.492563', '-81.479110', 'DOVER', 'OH'),
('44624', '40.589023', '-81.605824', 'DUNDEE', 'OH'),
('44625', '40.770542', '-80.981107', 'EAST ROCHESTER', 'OH'),
('44626', '40.695388', '-81.381386', 'EAST SPARTA', 'OH'),
('44627', '40.696545', '-81.831036', 'FREDERICKSBURG', 'OH'),
('44628', '40.538330', '-82.128771', 'GLENMONT', 'OH'),
('44629', '40.335928', '-81.430921', 'GNADENHUTTEN', 'OH'),
('44630', '40.929507', '-81.400134', 'GREENTOWN', 'OH'),
('44631', '40.521924', '-81.003619', 'HARLEM SPRINGS', 'OH'),
('44632', '40.822158', '-81.442635', 'HARTVILLE', 'OH'),
('44633', '40.624618', '-81.937501', 'HOLMESVILLE', 'OH'),
('44634', '40.830059', '-81.033298', 'HOMEWORTH', 'OH'),
('44636', '40.738387', '-81.742811', 'KIDRON', 'OH'),
('44637', '40.501625', '-82.041222', 'KILLBUCK', 'OH'),
('44638', '40.614615', '-82.128493', 'LAKEVILLE', 'OH'),
('44639', '40.547688', '-81.243498', 'LEESVILLE', 'OH'),
('44640', '40.983558', '-81.149664', 'LIMAVILLE', 'OH'),
('44641', '40.802406', '-81.390056', 'LOUISVILLE', 'OH'),
('44643', '40.679881', '-81.312133', 'MAGNOLIA', 'OH'),
('44644', '40.590393', '-81.200395', 'MALVERN', 'OH'),
('44645', '40.908987', '-81.725668', 'MARSHALLVILLE', 'OH'),
('44646', '40.850643', '-81.435350', 'MASSILLON', 'OH'),
('44647', '40.801057', '-81.575795', 'MASSILLON', 'OH'),
('44648', '40.811809', '-81.368284', 'MASSILLON', 'OH'),
('44650', '40.874558', '-81.173873', 'MAXIMO', 'OH'),
('44651', '40.629918', '-80.959514', 'MECHANICSTOWN', 'OH'),
('44652', '40.895057', '-81.326195', 'MIDDLEBRANCH', 'OH'),
('44653', '40.437981', '-81.372875', 'MIDVALE', 'OH'),
('44654', '40.544738', '-81.878772', 'MILLERSBURG', 'OH'),
('44656', '40.570507', '-81.343581', 'MINERAL CITY', 'OH'),
('44657', '40.749759', '-81.175266', 'MINERVA', 'OH'),
('44659', '40.690225', '-81.692787', 'MOUNT EATON', 'OH'),
('44660', '40.622284', '-81.782532', 'MOUNT HOPE', 'OH'),
('44661', '40.593256', '-82.116760', 'NASHVILLE', 'OH'),
('44662', '40.708566', '-81.535805', 'NAVARRE', 'OH'),
('44663', '40.511632', '-81.458777', 'NEW PHILADELPHIA', 'OH'),
('44665', '40.843563', '-80.979435', 'NORTH GEORGETOWN', 'OH'),
('44666', '40.824937', '-81.613396', 'NORTH LAWRENCE', 'OH'),
('44667', '40.788723', '-81.850598', 'ORRVILLE', 'OH'),
('44669', '40.797908', '-81.145349', 'PARIS', 'OH'),
('44670', '40.764741', '-81.187875', 'ROBERTSVILLE', 'OH'),
('44671', '40.644174', '-81.365254', 'SANDYVILLE', 'OH'),
('44672', '40.920492', '-81.021736', 'SEBRING', 'OH'),
('44675', '40.495710', '-81.216271', 'SHERRODSVILLE', 'OH'),
('44676', '40.716170', '-82.028231', 'SHREVE', 'OH'),
('44677', '40.872545', '-81.855266', 'SMITHVILLE', 'OH'),
('44678', '40.564880', '-81.352352', 'SOMERDALE', 'OH'),
('44679', '40.440407', '-81.488516', 'STILLWATER', 'OH'),
('44680', '40.598698', '-81.549884', 'STRASBURG', 'OH'),
('44681', '40.473446', '-81.553581', 'SUGARCREEK', 'OH'),
('44682', '40.395881', '-81.406883', 'TUSCARAWAS', 'OH'),
('44683', '40.451788', '-81.356471', 'UHRICHSVILLE', 'OH'),
('44685', '40.969521', '-81.458185', 'UNIONTOWN', 'OH'),
('44687', '40.551575', '-81.728416', 'WALNUT CREEK', 'OH'),
('44688', '40.692071', '-81.274199', 'WAYNESBURG', 'OH'),
('44689', '40.657981', '-81.638348', 'WILMOT', 'OH'),
('44690', '40.616536', '-81.681707', 'WINESBURG', 'OH'),
('44691', '40.830699', '-81.895377', 'WOOSTER', 'OH'),
('44693', '40.294686', '-81.183933', 'DEERSVILLE', 'OH'),
('44695', '40.398846', '-81.175864', 'BOWERSTON', 'OH'),
('44697', '40.618290', '-81.414245', 'ZOAR', 'OH'),
('44699', '40.277046', '-81.262892', 'TIPPECANOE', 'OH'),
('44701', '40.782408', '-81.371185', 'CANTON', 'OH'),
('44702', '40.800108', '-81.379535', 'CANTON', 'OH'),
('44703', '40.808808', '-81.379886', 'CANTON', 'OH'),
('44704', '40.799158', '-81.345934', 'CANTON', 'OH'),
('44705', '40.830092', '-81.330583', 'CANTON', 'OH'),
('44706', '40.741553', '-81.430161', 'CANTON', 'OH'),
('44707', '40.759808', '-81.350034', 'CANTON', 'OH'),
('44708', '40.825707', '-81.436938', 'CANTON', 'OH'),
('44709', '40.804880', '-81.387905', 'CANTON', 'OH'),
('44710', '40.789508', '-81.426988', 'CANTON', 'OH'),
('44711', '40.811809', '-81.368284', 'CANTON', 'OH'),
('44712', '40.811809', '-81.368284', 'CANTON', 'OH'),
('44714', '40.834457', '-81.360834', 'CANTON', 'OH'),
('44718', '40.846532', '-81.440791', 'CANTON', 'OH'),
('44720', '40.895607', '-81.433036', 'CANTON', 'OH'),
('44721', '40.891608', '-81.318381', 'CANTON', 'OH'),
('44730', '40.770507', '-81.265980', 'CANTON', 'OH'),
('44735', '40.811809', '-81.368284', 'CANTON', 'OH'),
('44750', '40.784646', '-81.418943', 'CANTON', 'OH'),
('44760', '40.853958', '-81.427780', 'CANTON', 'OH'),
('44767', '40.895721', '-81.424552', 'CANTON', 'OH'),
('44798', '40.811809', '-81.368284', 'CANTON', 'OH'),
('44799', '40.811809', '-81.368284', 'CANTON', 'OH'),
('44801', '41.090712', '-83.365404', 'ADRIAN', 'OH'),
('44802', '41.054782', '-83.391792', 'ALVADA', 'OH'),
('44803', '41.037511', '-82.910552', 'AMSDEN', 'OH'),
('44804', '41.115906', '-83.535416', 'ARCADIA', 'OH'),
('44805', '40.826965', '-82.296131', 'ASHLAND', 'OH'),
('44807', '41.077343', '-82.903207', 'ATTICA', 'OH'),
('44809', '41.132816', '-83.285361', 'BASCOM', 'OH'),
('44811', '41.216488', '-82.793687', 'BELLEVUE', 'OH'),
('44813', '40.646184', '-82.481491', 'BELLVILLE', 'OH'),
('44814', '41.338364', '-82.459915', 'BERLIN HEIGHTS', 'OH'),
('44815', '41.246929', '-83.239806', 'BETTSVILLE', 'OH'),
('44816', '41.334898', '-82.355035', 'BIRMINGHAM', 'OH'),
('44817', '41.217112', '-83.535075', 'BLOOMDALE', 'OH'),
('44818', '41.046546', '-82.968764', 'BLOOMVILLE', 'OH'),
('44820', '40.832674', '-82.973876', 'BUCYRUS', 'OH'),
('44822', '40.587193', '-82.406952', 'BUTLER', 'OH'),
('44824', '41.366624', '-82.785818', 'CASTALIA', 'OH'),
('44825', '40.965022', '-82.936698', 'CHATFIELD', 'OH'),
('44826', '41.166039', '-82.489000', 'COLLINS', 'OH'),
('44827', '40.824607', '-82.909054', 'CRESTLINE', 'OH'),
('44828', '41.237070', '-82.859705', 'FLAT ROCK', 'OH'),
('44830', '41.159551', '-83.152472', 'FOSTORIA', 'OH'),
('44833', '40.746972', '-82.823000', 'GALION', 'OH'),
('44836', '41.186418', '-83.042327', 'GREEN SPRINGS', 'OH'),
('44837', '41.119451', '-82.564392', 'GREENWICH', 'OH'),
('44838', '40.768006', '-82.249991', 'HAYESVILLE', 'OH'),
('44839', '41.375658', '-82.538619', 'HURON', 'OH'),
('44840', '40.789330', '-82.206323', 'JEROMESVILLE', 'OH'),
('44841', '41.228968', '-83.310194', 'KANSAS', 'OH'),
('44842', '40.656997', '-82.236734', 'LOUDONVILLE', 'OH'),
('44843', '40.653256', '-82.454979', 'LUCAS', 'OH'),
('44844', '40.958503', '-83.247403', 'MC CUTCHENVILLE', 'OH'),
('44845', '41.024204', '-83.109783', 'MELMORE', 'OH'),
('44846', '41.320775', '-82.610479', 'MILAN', 'OH'),
('44847', '41.192976', '-82.696315', 'MONROEVILLE', 'OH'),
('44848', '40.920617', '-82.281695', 'NANKIN', 'OH'),
('44849', '40.837199', '-83.150116', 'NEVADA', 'OH'),
('44850', '41.034952', '-82.676973', 'NEW HAVEN', 'OH'),
('44851', '41.124479', '-82.437501', 'NEW LONDON', 'OH'),
('44853', '41.061468', '-83.298986', 'NEW RIEGEL', 'OH'),
('44854', '40.942627', '-82.841736', 'NEW WASHINGTON', 'OH'),
('44855', '41.109479', '-82.586540', 'NORTH FAIRFIELD', 'OH'),
('44856', '40.793372', '-82.856557', 'NORTH ROBINSON', 'OH'),
('44857', '41.204562', '-82.573222', 'NORWALK', 'OH'),
('44859', '41.011373', '-82.329107', 'NOVA', 'OH'),
('44860', '40.835677', '-83.102857', 'OCEOLA', 'OH'),
('44861', '41.235206', '-83.152360', 'OLD FORT', 'OH'),
('44862', '40.772874', '-82.532057', 'ONTARIO', 'OH'),
('44864', '40.674683', '-82.308743', 'PERRYSVILLE', 'OH'),
('44865', '40.849371', '-82.571780', 'PLYMOUTH', 'OH'),
('44866', '40.922051', '-82.192733', 'POLK', 'OH'),
('44867', '41.146881', '-82.970007', 'REPUBLIC', 'OH'),
('44870', '41.399129', '-82.724417', 'SANDUSKY', 'OH'),
('44871', '41.491810', '-82.647824', 'SANDUSKY', 'OH'),
('44874', '40.964517', '-82.388476', 'SAVANNAH', 'OH'),
('44875', '40.848784', '-82.571998', 'SHELBY', 'OH'),
('44878', '40.926203', '-82.528622', 'SHILOH', 'OH'),
('44880', '41.028371', '-82.242915', 'SULLIVAN', 'OH'),
('44881', '40.868645', '-82.875027', 'SULPHUR SPRINGS', 'OH'),
('44882', '40.942450', '-83.192192', 'SYCAMORE', 'OH'),
('44883', '41.124530', '-83.144773', 'TIFFIN', 'OH'),
('44887', '40.914732', '-82.806099', 'TIRO', 'OH'),
('44888', '41.141541', '-82.588928', 'WILLARD', 'OH'),
('44889', '41.211052', '-82.417989', 'WAKEMAN', 'OH'),
('44890', '41.120678', '-82.697369', 'WILLARD', 'OH'),
('44901', '40.850833', '-82.511369', 'MANSFIELD', 'OH'),
('44902', '40.762711', '-82.511890', 'MANSFIELD', 'OH'),
('44903', '40.801420', '-82.538356', 'MANSFIELD', 'OH'),
('44904', '40.682416', '-82.528564', 'MANSFIELD', 'OH'),
('44905', '40.777896', '-82.461347', 'MANSFIELD', 'OH'),
('44906', '40.756992', '-82.588394', 'MANSFIELD', 'OH'),
('44907', '40.726256', '-82.522840', 'MANSFIELD', 'OH'),
('44999', '40.772874', '-82.532057', 'MANSFIELD', 'OH'),
('45001', '39.135158', '-84.709797', 'ADDYSTON', 'OH'),
('45002', '39.191546', '-84.742376', 'CLEVES', 'OH'),
('45003', '39.547254', '-84.599698', 'COLLEGE CORNER', 'OH'),
('45004', '39.440956', '-84.575746', 'COLLINSVILLE', 'OH'),
('45005', '39.526049', '-84.186961', 'FRANKLIN', 'OH'),
('45011', '39.425137', '-84.472925', 'HAMILTON', 'OH'),
('45012', '39.440956', '-84.575746', 'HAMILTON', 'OH'),
('45013', '39.436146', '-84.618498', 'HAMILTON', 'OH'),
('45014', '39.387357', '-84.499743', 'FAIRFIELD', 'OH'),
('45015', '39.349361', '-84.537563', 'HAMILTON', 'OH'),
('45018', '39.440956', '-84.575746', 'FAIRFIELD', 'OH'),
('45020', '39.440956', '-84.575746', 'HAMILTON', 'OH'),
('45023', '39.440956', '-84.575746', 'HAMILTON', 'OH'),
('45025', '39.440956', '-84.575746', 'HAMILTON', 'OH'),
('45026', '39.440956', '-84.575746', 'HAMILTON', 'OH'),
('45030', '39.244275', '-84.736254', 'HARRISON', 'OH'),
('45032', '39.501283', '-84.006729', 'HARVEYSBURG', 'OH'),
('45033', '39.177259', '-84.762731', 'HOOVEN', 'OH'),
('45034', '39.357963', '-84.247288', 'KINGS MILLS', 'OH'),
('45036', '39.429284', '-84.173507', 'LEBANON', 'OH'),
('45039', '39.316973', '-84.243763', 'MAINEVILLE', 'OH'),
('45040', '39.397999', '-84.180906', 'MASON', 'OH'),
('45041', '39.176088', '-84.708517', 'MIAMITOWN', 'OH'),
('45042', '39.543446', '-84.442394', 'MIDDLETOWN', 'OH'),
('45043', '39.440956', '-84.575746', 'MIDDLETOWN', 'OH'),
('45044', '39.418175', '-84.424549', 'MIDDLETOWN', 'OH'),
('45050', '39.448492', '-84.374549', 'MONROE', 'OH'),
('45051', '39.096460', '-84.643096', 'MOUNT SAINT JOSEPH', 'OH'),
('45052', '39.149862', '-84.750268', 'NORTH BEND', 'OH'),
('45053', '39.354854', '-84.776769', 'OKEANA', 'OH'),
('45054', '39.458117', '-84.079543', 'OREGONIA', 'OH'),
('45055', '39.451806', '-84.515245', 'OVERPECK', 'OH'),
('45056', '39.479227', '-84.685750', 'OXFORD', 'OH'),
('45061', '39.312350', '-84.648280', 'ROSS', 'OH'),
('45062', '39.478956', '-84.551196', 'SEVEN MILE', 'OH'),
('45063', '39.325805', '-84.712099', 'SHANDON', 'OH'),
('45064', '39.545634', '-84.627500', 'SOMERVILLE', 'OH'),
('45065', '39.356027', '-84.207204', 'SOUTH LEBANON', 'OH'),
('45066', '39.465762', '-84.146330', 'SPRINGBORO', 'OH'),
('45067', '39.483320', '-84.489895', 'TRENTON', 'OH'),
('45068', '39.518120', '-84.080600', 'WAYNESVILLE', 'OH'),
('45069', '39.336058', '-84.405360', 'WEST CHESTER', 'OH'),
('45070', '39.594686', '-84.546820', 'WEST ELKTON', 'OH'),
('45071', '39.440956', '-84.575746', 'WEST CHESTER', 'OH'),
('45073', '39.440956', '-84.575746', 'MONROE', 'OH'),
('45099', '39.440956', '-84.575746', 'MONROE', 'OH'),
('45101', '38.693525', '-83.740804', 'ABERDEEN', 'OH'),
('45102', '39.014823', '-84.205859', 'AMELIA', 'OH'),
('45103', '39.025905', '-84.157048', 'BATAVIA', 'OH'),
('45105', '38.749779', '-83.612574', 'BENTONVILLE', 'OH'),
('45106', '38.922008', '-84.109327', 'BETHEL', 'OH'),
('45107', '39.402520', '-83.894217', 'BLANCHESTER', 'OH'),
('45110', '39.074262', '-83.848414', 'BUFORD', 'OH'),
('45111', '39.199770', '-84.303075', 'CAMP DENNISON', 'OH'),
('45112', '38.792553', '-84.138221', 'CHILO', 'OH'),
('45113', '39.398125', '-83.932644', 'CLARKSVILLE', 'OH'),
('45114', '39.356846', '-83.857237', 'CUBA', 'OH'),
('45115', '38.823707', '-83.699476', 'DECATUR', 'OH'),
('45118', '39.174800', '-83.935821', 'FAYETTEVILLE', 'OH'),
('45119', '38.880632', '-84.008740', 'FEESBURG', 'OH'),
('45120', '38.820683', '-84.126923', 'FELICITY', 'OH'),
('45121', '38.981336', '-83.903529', 'GEORGETOWN', 'OH'),
('45122', '39.212920', '-84.104440', 'GOSHEN', 'OH'),
('45123', '39.288414', '-83.583223', 'GREENFIELD', 'OH'),
('45130', '38.902187', '-83.982347', 'HAMERSVILLE', 'OH'),
('45131', '38.790301', '-83.966624', 'HIGGINSPORT', 'OH'),
('45132', '39.352669', '-83.602424', 'HIGHLAND', 'OH'),
('45133', '39.169164', '-83.594540', 'HILLSBORO', 'OH'),
('45135', '39.270862', '-83.595228', 'LEESBURG', 'OH'),
('45138', '39.416747', '-83.647583', 'LEES CREEK', 'OH'),
('45140', '39.223187', '-84.245103', 'LOVELAND', 'OH'),
('45142', '39.200697', '-83.777545', 'LYNCHBURG', 'OH'),
('45144', '38.698772', '-83.574357', 'MANCHESTER', 'OH'),
('45145', '39.145698', '-84.007023', 'MARATHON', 'OH'),
('45146', '39.313796', '-83.796942', 'MARTINSVILLE', 'OH'),
('45147', '39.213739', '-84.300232', 'MIAMIVILLE', 'OH'),
('45148', '39.291345', '-83.885714', 'MIDLAND', 'OH'),
('45150', '39.016349', '-84.197778', 'MILFORD', 'OH'),
('45152', '39.342034', '-84.106916', 'MORROW', 'OH'),
('45153', '38.867485', '-84.192222', 'MOSCOW', 'OH'),
('45154', '39.057857', '-83.913915', 'MOUNT ORAB', 'OH'),
('45155', '39.038774', '-83.750522', 'MOWRYSTOWN', 'OH'),
('45156', '38.815645', '-84.204877', 'NEVILLE', 'OH'),
('45157', '38.912400', '-84.206745', 'NEW RICHMOND', 'OH'),
('45158', '39.187790', '-84.078313', 'NEWTONSVILLE', 'OH'),
('45159', '39.349254', '-83.702933', 'NEW VIENNA', 'OH'),
('45160', '39.123187', '-84.135023', 'OWENSVILLE', 'OH'),
('45162', '39.294913', '-84.092498', 'PLEASANT PLAIN', 'OH'),
('45164', '39.551413', '-83.788084', 'PORT WILLIAM', 'OH'),
('45165', '39.198813', '-83.607858', 'GREENFIELD', 'OH'),
('45166', '39.480543', '-83.677197', 'REESVILLE', 'OH'),
('45167', '38.758164', '-83.822146', 'RIPLEY', 'OH'),
('45168', '38.847980', '-83.767404', 'RUSSELLVILLE', 'OH'),
('45169', '39.438429', '-83.680807', 'SABINA', 'OH'),
('45171', '39.005468', '-83.799563', 'SARDINIA', 'OH'),
('45172', '39.073820', '-83.385303', 'SINKING SPRING', 'OH'),
('45174', '39.153831', '-84.329171', 'TERRACE PARK', 'OH'),
('45176', '39.013595', '-84.050406', 'WILLIAMSBURG', 'OH'),
('45177', '39.444985', '-83.824424', 'WILMINGTON', 'OH'),
('45201', '39.166759', '-84.538220', 'CINCINNATI', 'OH'),
('45202', '39.110260', '-84.486142', 'CINCINNATI', 'OH'),
('45203', '39.108860', '-84.531993', 'CINCINNATI', 'OH'),
('45204', '39.100160', '-84.589645', 'CINCINNATI', 'OH'),
('45205', '39.111610', '-84.577994', 'CINCINNATI', 'OH'),
('45206', '39.126160', '-84.482642', 'CINCINNATI', 'OH'),
('45207', '39.143110', '-84.468842', 'CINCINNATI', 'OH'),
('45208', '39.137860', '-84.434891', 'CINCINNATI', 'OH'),
('45209', '39.154710', '-84.450692', 'CINCINNATI', 'OH'),
('45210', '39.114510', '-84.511093', 'CINCINNATI', 'OH'),
('45211', '39.158409', '-84.602646', 'CINCINNATI', 'OH'),
('45212', '39.187659', '-84.454342', 'CINCINNATI', 'OH'),
('45213', '39.180214', '-84.420441', 'CINCINNATI', 'OH'),
('45214', '39.121860', '-84.550594', 'CINCINNATI', 'OH'),
('45215', '39.214259', '-84.464093', 'CINCINNATI', 'OH'),
('45216', '39.200309', '-84.485893', 'CINCINNATI', 'OH'),
('45217', '39.166109', '-84.495893', 'CINCINNATI', 'OH'),
('45218', '39.277400', '-84.520544', 'CINCINNATI', 'OH'),
('45219', '39.128510', '-84.515191', 'CINCINNATI', 'OH'),
('45220', '39.145559', '-84.520093', 'CINCINNATI', 'OH'),
('45221', '39.166759', '-84.538220', 'CINCINNATI', 'OH'),
('45222', '39.166759', '-84.538220', 'CINCINNATI', 'OH'),
('45223', '39.160002', '-84.593605', 'CINCINNATI', 'OH'),
('45224', '39.199058', '-84.525094', 'CINCINNATI', 'OH'),
('45225', '39.144309', '-84.548944', 'CINCINNATI', 'OH'),
('45226', '39.110111', '-84.430880', 'CINCINNATI', 'OH'),
('45227', '39.159260', '-84.372840', 'CINCINNATI', 'OH'),
('45228', '39.070561', '-84.417891', 'CINCINNATI', 'OH'),
('45229', '39.153559', '-84.490043', 'CINCINNATI', 'OH'),
('45230', '39.071262', '-84.375840', 'CINCINNATI', 'OH'),
('45231', '39.259325', '-84.532395', 'CINCINNATI', 'OH'),
('45232', '39.181109', '-84.511660', 'CINCINNATI', 'OH'),
('45233', '39.110994', '-84.659396', 'CINCINNATI', 'OH'),
('45234', '39.166759', '-84.538220', 'CINCINNATI', 'OH'),
('45235', '39.166759', '-84.538220', 'CINCINNATI', 'OH'),
('45236', '39.210001', '-84.395046', 'CINCINNATI', 'OH'),
('45237', '39.190690', '-84.447342', 'CINCINNATI', 'OH'),
('45238', '39.109209', '-84.610845', 'CINCINNATI', 'OH'),
('45239', '39.201708', '-84.621296', 'CINCINNATI', 'OH'),
('45240', '39.284357', '-84.439066', 'CINCINNATI', 'OH'),
('45241', '39.263837', '-84.409191', 'CINCINNATI', 'OH'),
('45242', '39.244659', '-84.345489', 'CINCINNATI', 'OH'),
('45243', '39.184810', '-84.344758', 'CINCINNATI', 'OH'),
('45244', '39.119102', '-84.350974', 'CINCINNATI', 'OH'),
('45245', '39.068815', '-84.280171', 'CINCINNATI', 'OH'),
('45246', '39.283858', '-84.474394', 'CINCINNATI', 'OH'),
('45247', '39.220761', '-84.641752', 'CINCINNATI', 'OH'),
('45248', '39.165158', '-84.662509', 'CINCINNATI', 'OH'),
('45249', '39.269226', '-84.330686', 'CINCINNATI', 'OH'),
('45250', '39.166759', '-84.538220', 'CINCINNATI', 'OH'),
('45251', '39.267157', '-84.599285', 'CINCINNATI', 'OH'),
('45252', '39.272557', '-84.632143', 'CINCINNATI', 'OH'),
('45253', '39.166759', '-84.538220', 'CINCINNATI', 'OH'),
('45254', '39.166759', '-84.538220', 'CINCINNATI', 'OH'),
('45255', '39.058412', '-84.339639', 'CINCINNATI', 'OH'),
('45258', '39.166759', '-84.538220', 'CINCINNATI', 'OH'),
('45262', '39.166759', '-84.538220', 'CINCINNATI', 'OH'),
('45263', '39.166759', '-84.538220', 'CINCINNATI', 'OH'),
('45264', '39.166759', '-84.538220', 'CINCINNATI', 'OH'),
('45267', '39.166759', '-84.538220', 'CINCINNATI', 'OH'),
('45268', '39.166759', '-84.538220', 'CINCINNATI', 'OH'),
('45269', '39.166759', '-84.538220', 'CINCINNATI', 'OH'),
('45270', '39.166759', '-84.538220', 'CINCINNATI', 'OH'),
('45271', '39.166759', '-84.538220', 'CINCINNATI', 'OH'),
('45273', '39.166759', '-84.538220', 'CINCINNATI', 'OH'),
('45274', '39.166759', '-84.538220', 'CINCINNATI', 'OH'),
('45275', '38.946921', '-83.862877', 'CINCINNATI', 'OH'),
('45277', '39.166759', '-84.538220', 'CINCINNATI', 'OH'),
('45280', '0.000000', '0.000000', 'CINCINNATI', 'OH'),
('45296', '39.166759', '-84.538220', 'CINCINNATI', 'OH'),
('45298', '39.166759', '-84.538220', 'CINCINNATI', 'OH'),
('45299', '39.262158', '-84.509268', 'CINCINNATI', 'OH'),
('45301', '39.706459', '-84.016233', 'ALPHA', 'OH'),
('45302', '40.407239', '-84.203271', 'ANNA', 'OH'),
('45303', '40.214675', '-84.653188', 'ANSONIA', 'OH'),
('45304', '40.126915', '-84.539928', 'ARCANUM', 'OH'),
('45305', '39.632829', '-84.049985', 'BELLBROOK', 'OH'),
('45306', '40.439778', '-84.189245', 'BOTKINS', 'OH'),
('45307', '39.575597', '-83.715323', 'BOWERSVILLE', 'OH'),
('45308', '40.115737', '-84.279352', 'BRADFORD', 'OH'),
('45309', '39.836157', '-84.330392', 'BROOKVILLE', 'OH'),
('45310', '40.354106', '-84.643532', 'BURKETTSVILLE', 'OH'),
('45311', '39.640948', '-84.647001', 'CAMDEN', 'OH'),
('45312', '40.066567', '-84.081610', 'CASSTOWN', 'OH'),
('45314', '39.747459', '-83.759973', 'CEDARVILLE', 'OH'),
('45315', '39.854454', '-84.340345', 'CLAYTON', 'OH'),
('45316', '39.795971', '-83.819766', 'CLIFTON', 'OH'),
('45317', '40.137029', '-84.046873', 'CONOVER', 'OH'),
('45318', '40.124386', '-84.281167', 'COVINGTON', 'OH'),
('45319', '39.918936', '-83.944909', 'DONNELSVILLE', 'OH'),
('45320', '39.774850', '-84.674889', 'EATON', 'OH'),
('45321', '39.872177', '-84.681067', 'ELDORADO', 'OH'),
('45322', '39.877005', '-84.331945', 'ENGLEWOOD', 'OH'),
('45323', '39.857967', '-83.933431', 'ENON', 'OH'),
('45324', '39.728549', '-84.014834', 'FAIRBORN', 'OH'),
('45325', '39.781301', '-84.413970', 'FARMERSVILLE', 'OH'),
('45326', '40.144491', '-84.100988', 'FLETCHER', 'OH'),
('45327', '39.747497', '-84.396912', 'GERMANTOWN', 'OH'),
('45328', '40.114729', '-84.493439', 'GETTYSBURG', 'OH'),
('45330', '39.641558', '-84.527613', 'GRATIS', 'OH'),
('45331', '40.156478', '-84.649068', 'GREENVILLE', 'OH'),
('45332', '39.993964', '-84.783714', 'HOLLANSBURG', 'OH'),
('45333', '40.248489', '-84.345612', 'HOUSTON', 'OH'),
('45334', '40.434921', '-84.058495', 'JACKSON CENTER', 'OH'),
('45335', '39.674084', '-83.766709', 'JAMESTOWN', 'OH'),
('45336', '40.441325', '-84.262602', 'KETTLERSVILLE', 'OH'),
('45337', '39.985177', '-84.399364', 'LAURA', 'OH'),
('45338', '39.780916', '-84.567331', 'LEWISBURG', 'OH'),
('45339', '40.005764', '-84.351781', 'LUDLOW FALLS', 'OH'),
('45340', '40.364305', '-84.056464', 'MAPLEWOOD', 'OH'),
('45341', '39.878918', '-84.021827', 'MEDWAY', 'OH'),
('45342', '39.641658', '-84.274640', 'MIAMISBURG', 'OH'),
('45343', '39.750471', '-84.268593', 'MIAMISBURG', 'OH'),
('45344', '39.959249', '-83.986855', 'NEW CARLISLE', 'OH'),
('45345', '39.800056', '-84.327000', 'NEW LEBANON', 'OH'),
('45346', '39.982103', '-84.705736', 'NEW MADISON', 'OH'),
('45347', '39.783378', '-84.668892', 'NEW PARIS', 'OH'),
('45348', '40.316833', '-84.633911', 'NEW WESTON', 'OH'),
('45349', '39.989309', '-83.938933', 'NORTH HAMPTON', 'OH'),
('45350', '40.135426', '-84.619129', 'NORTH STAR', 'OH'),
('45351', '40.340616', '-84.496342', 'OSGOOD', 'OH'),
('45352', '40.050323', '-84.745706', 'PALESTINE', 'OH'),
('45353', '40.295220', '-84.032272', 'PEMBERTON', 'OH'),
('45354', '39.905385', '-84.402785', 'PHILLIPSBURG', 'OH'),
('45356', '40.123618', '-84.228811', 'PIQUA', 'OH'),
('45358', '39.987043', '-84.486582', 'PITSBURG', 'OH'),
('45359', '40.050483', '-84.348699', 'PLEASANT HILL', 'OH'),
('45360', '40.330713', '-84.092589', 'PORT JEFFERSON', 'OH'),
('45361', '39.963492', '-84.414484', 'POTSDAM', 'OH'),
('45362', '40.287621', '-84.637078', 'ROSSBURG', 'OH'),
('45363', '40.263253', '-84.263227', 'RUSSIA', 'OH'),
('45365', '40.293558', '-84.209198', 'SIDNEY', 'OH'),
('45367', '40.333611', '-84.218308', 'SIDNEY', 'OH'),
('45368', '39.854349', '-83.665280', 'SOUTH CHARLESTON', 'OH'),
('45369', '39.957723', '-83.614481', 'SOUTH VIENNA', 'OH'),
('45370', '39.608285', '-84.025972', 'SPRING VALLEY', 'OH'),
('45371', '39.941967', '-84.166260', 'TIPP CITY', 'OH'),
('45372', '40.013871', '-83.833250', 'TREMONT CITY', 'OH'),
('45373', '40.062621', '-84.226398', 'TROY', 'OH'),
('45374', '40.039970', '-84.229799', 'TROY', 'OH'),
('45377', '39.889006', '-84.242243', 'VANDALIA', 'OH'),
('45378', '39.897035', '-84.499044', 'VERONA', 'OH'),
('45380', '40.253040', '-84.523891', 'VERSAILLES', 'OH'),
('45381', '39.750097', '-84.537597', 'WEST ALEXANDRIA', 'OH'),
('45382', '39.881330', '-84.621617', 'WEST MANCHESTER', 'OH'),
('45383', '39.987910', '-84.350107', 'WEST MILTON', 'OH'),
('45384', '39.712811', '-83.878088', 'WILBERFORCE', 'OH'),
('45385', '39.684731', '-83.908130', 'XENIA', 'OH'),
('45387', '39.760531', '-83.883600', 'YELLOW SPRINGS', 'OH'),
('45388', '40.321853', '-84.484466', 'YORKSHIRE', 'OH'),
('45389', '40.056400', '-84.025444', 'CHRISTIANSBURG', 'OH'),
('45390', '40.211787', '-84.758818', 'UNION CITY', 'OH'),
('45401', '39.750471', '-84.268593', 'DAYTON', 'OH'),
('45402', '39.756658', '-84.181639', 'DAYTON', 'OH'),
('45403', '39.764658', '-84.150738', 'DAYTON', 'OH'),
('45404', '39.794958', '-84.163589', 'DAYTON', 'OH'),
('45405', '39.789857', '-84.217391', 'DAYTON', 'OH'),
('45406', '39.782457', '-84.239391', 'DAYTON', 'OH'),
('45407', '39.758658', '-84.226041', 'DAYTON', 'OH'),
('45408', '39.730258', '-84.219846', 'DAYTON', 'OH'),
('45409', '39.723809', '-84.185439', 'DAYTON', 'OH'),
('45410', '39.748008', '-84.156938', 'DAYTON', 'OH'),
('45412', '39.750471', '-84.268593', 'DAYTON', 'OH'),
('45413', '39.750471', '-84.268593', 'DAYTON', 'OH'),
('45414', '39.805957', '-84.199737', 'DAYTON', 'OH'),
('45415', '39.834756', '-84.252292', 'DAYTON', 'OH'),
('45416', '39.801057', '-84.257792', 'DAYTON', 'OH'),
('45417', '39.753440', '-84.245841', 'DAYTON', 'OH'),
('45418', '39.707057', '-84.276891', 'DAYTON', 'OH'),
('45419', '39.681909', '-84.166388', 'DAYTON', 'OH'),
('45420', '39.717059', '-84.134172', 'DAYTON', 'OH'),
('45422', '39.758058', '-84.200090', 'DAYTON', 'OH'),
('45423', '39.750471', '-84.268593', 'DAYTON', 'OH'),
('45424', '39.835257', '-84.112288', 'DAYTON', 'OH'),
('45426', '39.798187', '-84.321119', 'DAYTON', 'OH'),
('45427', '39.755506', '-84.304893', 'DAYTON', 'OH'),
('45428', '39.746656', '-84.259292', 'DAYTON', 'OH'),
('45429', '39.684059', '-84.163337', 'DAYTON', 'OH'),
('45430', '39.709159', '-84.104836', 'DAYTON', 'OH'),
('45431', '39.757377', '-84.056934', 'DAYTON', 'OH'),
('45432', '39.732309', '-84.160422', 'DAYTON', 'OH'),
('45433', '39.798503', '-84.052053', 'DAYTON', 'OH'),
('45434', '39.750471', '-84.268593', 'DAYTON', 'OH'),
('45435', '39.750471', '-84.268593', 'DAYTON', 'OH'),
('45437', '39.750471', '-84.268593', 'DAYTON', 'OH'),
('45439', '39.749308', '-84.199540', 'DAYTON', 'OH'),
('45440', '39.675548', '-84.121086', 'DAYTON', 'OH'),
('45441', '39.750471', '-84.268593', 'DAYTON', 'OH'),
('45448', '39.750471', '-84.268593', 'DAYTON', 'OH'),
('45449', '39.665109', '-84.240090', 'DAYTON', 'OH'),
('45454', '39.750471', '-84.268593', 'DAYTON', 'OH'),
('45458', '39.606209', '-84.169519', 'DAYTON', 'OH'),
('45459', '39.646371', '-84.171733', 'DAYTON', 'OH'),
('45463', '39.750471', '-84.268593', 'DAYTON', 'OH'),
('45469', '39.740509', '-84.178939', 'DAYTON', 'OH'),
('45470', '39.750471', '-84.268593', 'DAYTON', 'OH'),
('45475', '39.750471', '-84.268593', 'DAYTON', 'OH'),
('45479', '39.734409', '-84.194389', 'DAYTON', 'OH'),
('45481', '39.750471', '-84.268593', 'DAYTON', 'OH'),
('45482', '39.750471', '-84.268593', 'DAYTON', 'OH'),
('45490', '39.750471', '-84.268593', 'DAYTON', 'OH'),
('45501', '39.927059', '-83.813228', 'SPRINGFIELD', 'OH'),
('45502', '39.917208', '-83.854642', 'SPRINGFIELD', 'OH'),
('45503', '39.963784', '-83.771390', 'SPRINGFIELD', 'OH'),
('45504', '39.950457', '-83.890862', 'SPRINGFIELD', 'OH'),
('45505', '39.906009', '-83.748200', 'SPRINGFIELD', 'OH'),
('45506', '39.883209', '-83.869830', 'SPRINGFIELD', 'OH'),
('45601', '39.337384', '-82.991332', 'CHILLICOTHE', 'OH'),
('45612', '39.244298', '-83.219712', 'BAINBRIDGE', 'OH'),
('45613', '39.040682', '-82.887103', 'BEAVER', 'OH'),
('45614', '38.923070', '-82.276201', 'BIDWELL', 'OH'),
('45616', '38.756374', '-83.340308', 'BLUE CREEK', 'OH'),
('45617', '39.280388', '-83.158991', 'BOURNEVILLE', 'OH'),
('45618', '38.892198', '-83.621787', 'CHERRY FORK', 'OH'),
('45619', '38.482955', '-82.450548', 'CHESAPEAKE', 'OH'),
('45620', '38.798525', '-82.189958', 'CHESHIRE', 'OH'),
('45621', '39.110614', '-82.613028', 'COALTON', 'OH'),
('45622', '39.354339', '-82.503012', 'CREOLA', 'OH'),
('45623', '38.796783', '-82.271583', 'CROWN CITY', 'OH'),
('45624', '39.163780', '-83.342941', 'CYNTHIANA', 'OH'),
('45628', '39.387165', '-83.182591', 'FRANKFORT', 'OH'),
('45629', '38.650439', '-82.802128', 'FRANKLIN FURNACE', 'OH'),
('45630', '38.793335', '-82.960460', 'FRIENDSHIP', 'OH'),
('45631', '38.793762', '-82.269200', 'GALLIPOLIS', 'OH'),
('45633', '39.465570', '-82.747853', 'HALLSVILLE', 'OH'),
('45634', '39.178317', '-82.503194', 'HAMDEN', 'OH'),
('45636', '38.592446', '-82.828817', 'HAVERHILL', 'OH'),
('45638', '38.544457', '-82.596777', 'IRONTON', 'OH'),
('45640', '39.037380', '-82.628954', 'JACKSON', 'OH'),
('45642', '39.052267', '-83.050031', 'JASPER', 'OH'),
('45643', '38.868330', '-82.256185', 'KERR', 'OH'),
('45644', '39.424824', '-82.862234', 'KINGSTON', 'OH'),
('45645', '38.562503', '-82.545723', 'KITTS HILL', 'OH'),
('45646', '39.081031', '-83.312422', 'LATHAM', 'OH'),
('45647', '39.292098', '-82.795487', 'LONDONDERRY', 'OH'),
('45648', '38.888422', '-82.981320', 'LUCASVILLE', 'OH'),
('45650', '38.739060', '-83.426170', 'LYNX', 'OH'),
('45651', '39.280013', '-82.475320', 'MC ARTHUR', 'OH'),
('45652', '38.852654', '-83.135398', 'MC DERMOTT', 'OH'),
('45653', '38.889049', '-82.911143', 'MINFORD', 'OH'),
('45654', '39.332256', '-82.379663', 'NEW PLYMOUTH', 'OH'),
('45656', '38.976464', '-82.603687', 'OAK HILL', 'OH'),
('45657', '38.875128', '-83.159778', 'OTWAY', 'OH'),
('45658', '38.765791', '-82.390542', 'PATRIOT', 'OH'),
('45659', '38.674554', '-82.614563', 'PEDRO', 'OH'),
('45660', '38.858792', '-83.461114', 'PEEBLES', 'OH'),
('45661', '39.043707', '-83.121010', 'PIKETON', 'OH'),
('45662', '38.793214', '-82.930576', 'PORTSMOUTH', 'OH'),
('45663', '38.749539', '-83.133477', 'WEST PORTSMOUTH', 'OH'),
('45669', '38.495850', '-82.364902', 'PROCTORVILLE', 'OH'),
('45671', '38.957722', '-83.236465', 'RARDEN', 'OH'),
('45672', '39.230553', '-82.669560', 'RAY', 'OH'),
('45673', '39.203167', '-82.854167', 'RICHMOND DALE', 'OH'),
('45674', '38.881447', '-82.378213', 'RIO GRANDE', 'OH'),
('45675', '38.536685', '-82.532715', 'ROCK CAMP', 'OH'),
('45677', '38.794115', '-82.755455', 'SCIOTO FURNACE', 'OH'),
('45678', '38.598567', '-82.385511', 'SCOTTOWN', 'OH'),
('45679', '38.957941', '-83.535617', 'SEAMAN', 'OH'),
('45680', '38.465171', '-82.501206', 'SOUTH POINT', 'OH'),
('45681', '39.328523', '-83.242873', 'SOUTH SALEM', 'OH'),
('45682', '38.819687', '-82.727978', 'SOUTH WEBSTER', 'OH'),
('45683', '38.955485', '-82.858402', 'STOCKDALE', 'OH'),
('45684', '38.783492', '-83.102804', 'STOUT', 'OH'),
('45685', '38.870525', '-82.406298', 'THURMAN', 'OH'),
('45686', '38.961601', '-82.345709', 'VINTON', 'OH'),
('45687', '39.072829', '-83.085764', 'WAKEFIELD', 'OH'),
('45688', '38.719009', '-82.535141', 'WATERLOO', 'OH'),
('45690', '39.072309', '-83.024014', 'WAVERLY', 'OH'),
('45692', '39.116467', '-82.553489', 'WELLSTON', 'OH'),
('45693', '38.823460', '-83.504048', 'WEST UNION', 'OH'),
('45694', '38.745832', '-82.847351', 'WHEELERSBURG', 'OH'),
('45695', '39.141589', '-82.368240', 'WILKESVILLE', 'OH'),
('45696', '38.590602', '-82.456062', 'WILLOW WOOD', 'OH'),
('45697', '38.916300', '-83.580733', 'WINCHESTER', 'OH'),
('45698', '39.283031', '-82.397708', 'ZALESKI', 'OH'),
('45699', '38.793335', '-82.960460', 'LUCASVILLE', 'OH'),
('45701', '39.339279', '-82.013803', 'ATHENS', 'OH'),
('45710', '39.240816', '-82.177096', 'ALBANY', 'OH'),
('45711', '39.410743', '-81.936397', 'AMESVILLE', 'OH'),
('45712', '39.386825', '-81.395219', 'BARLOW', 'OH'),
('45713', '39.430738', '-81.445120', 'BARTLETT', 'OH'),
('45714', '39.449988', '-81.559698', 'BELPRE', 'OH'),
('45715', '39.541791', '-81.606295', 'BEVERLY', 'OH'),
('45716', '39.452247', '-82.179423', 'BUCHTEL', 'OH'),
('45717', '39.368235', '-82.010132', 'CARBONDALE', 'OH'),
('45719', '39.400154', '-82.130241', 'CHAUNCEY', 'OH'),
('45720', '39.085629', '-81.921443', 'CHESTER', 'OH'),
('45721', '39.430738', '-81.445120', 'COAL RUN', 'OH'),
('45723', '39.246862', '-81.830623', 'COOLVILLE', 'OH'),
('45724', '39.430738', '-81.445120', 'CUTLER', 'OH'),
('45727', '39.673870', '-81.485687', 'DEXTER CITY', 'OH'),
('45729', '39.430738', '-81.445120', 'FLEMING', 'OH'),
('45732', '39.475277', '-82.063319', 'GLOUSTER', 'OH'),
('45734', '39.663015', '-81.182232', 'GRAYSVILLE', 'OH'),
('45735', '39.249339', '-81.922005', 'GUYSVILLE', 'OH'),
('45739', '39.197888', '-81.744573', 'HOCKINGPORT', 'OH'),
('45740', '39.461905', '-82.073188', 'JACKSONVILLE', 'OH'),
('45741', '39.069673', '-82.249910', 'LANGSVILLE', 'OH'),
('45742', '39.274635', '-81.655976', 'LITTLE HOCKING', 'OH'),
('45743', '39.071167', '-81.839685', 'LONG BOTTOM', 'OH'),
('45744', '39.538823', '-81.478840', 'LOWELL', 'OH'),
('45745', '39.561107', '-81.396760', 'LOWER SALEM', 'OH'),
('45746', '39.580501', '-81.479272', 'MACKSBURG', 'OH'),
('45750', '39.413446', '-81.351051', 'MARIETTA', 'OH'),
('45760', '39.069059', '-82.021994', 'MIDDLEPORT', 'OH'),
('45761', '39.379936', '-82.088793', 'MILLFIELD', 'OH'),
('45764', '39.357211', '-82.045466', 'NELSONVILLE', 'OH'),
('45766', '39.307332', '-82.167867', 'NEW MARSHFIELD', 'OH'),
('45767', '39.523303', '-81.064116', 'NEW MATAMORAS', 'OH'),
('45768', '39.393315', '-81.225093', 'NEWPORT', 'OH'),
('45769', '39.078660', '-82.069422', 'POMEROY', 'OH'),
('45770', '38.981015', '-81.812092', 'PORTLAND', 'OH'),
('45771', '38.984835', '-81.892503', 'RACINE', 'OH'),
('45772', '39.134470', '-81.835405', 'REEDSVILLE', 'OH'),
('45773', '39.430738', '-81.445120', 'RENO', 'OH'),
('45775', '39.090877', '-82.148554', 'RUTLAND', 'OH'),
('45776', '39.214673', '-82.018739', 'SHADE', 'OH'),
('45777', '39.368235', '-82.010132', 'SHARPSBURG', 'OH'),
('45778', '39.362514', '-81.906878', 'STEWART', 'OH'),
('45779', '39.003291', '-81.966122', 'SYRACUSE', 'OH'),
('45780', '39.350760', '-81.968751', 'THE PLAINS', 'OH'),
('45781', '39.368235', '-82.010132', 'TORCH', 'OH'),
('45782', '39.484517', '-82.080528', 'TRIMBLE', 'OH'),
('45783', '39.168349', '-81.842313', 'TUPPERS PLAINS', 'OH'),
('45784', '39.367877', '-81.665232', 'VINCENT', 'OH'),
('45786', '39.538788', '-81.639888', 'WATERFORD', 'OH'),
('45787', '39.430738', '-81.445120', 'WATERTOWN', 'OH'),
('45788', '39.430738', '-81.445120', 'WHIPPLE', 'OH'),
('45789', '39.544391', '-81.245804', 'WINGETT RUN', 'OH'),
('45801', '40.772147', '-84.047100', 'LIMA', 'OH'),
('45802', '40.781785', '-84.138566', 'LIMA', 'OH'),
('45804', '40.694996', '-84.063491', 'LIMA', 'OH'),
('45805', '40.733043', '-84.169749', 'LIMA', 'OH'),
('45806', '40.589876', '-84.127860', 'LIMA', 'OH'),
('45807', '40.795463', '-84.138298', 'LIMA', 'OH'),
('45808', '40.831419', '-83.975831', 'BEAVERDAM', 'OH'),
('45809', '40.847946', '-84.183152', 'GOMER', 'OH'),
('45810', '40.676042', '-83.700633', 'ADA', 'OH'),
('45812', '40.679192', '-83.795649', 'ALGER', 'OH'),
('45813', '41.186851', '-84.727141', 'ANTWERP', 'OH'),
('45814', '40.908204', '-83.617612', 'ARLINGTON', 'OH'),
('45815', '41.153855', '-83.941281', 'BELMORE', 'OH'),
('45816', '41.003087', '-83.793147', 'BENTON RIDGE', 'OH'),
('45817', '40.786350', '-83.928268', 'BLUFFTON', 'OH'),
('45819', '40.624080', '-84.260275', 'BUCKLAND', 'OH'),
('45820', '40.830388', '-84.085154', 'CAIRO', 'OH'),
('45821', '41.223404', '-84.571519', 'CECIL', 'OH'),
('45822', '40.556645', '-84.628714', 'CELINA', 'OH'),
('45826', '40.428177', '-84.633484', 'CHICKASAW', 'OH'),
('45827', '41.003391', '-84.298718', 'CLOVERDALE', 'OH'),
('45828', '40.476443', '-84.687520', 'COLDWATER', 'OH'),
('45830', '40.977930', '-84.150530', 'COLUMBUS GROVE', 'OH'),
('45831', '41.104335', '-84.236754', 'CONTINENTAL', 'OH'),
('45832', '40.896997', '-84.716607', 'CONVOY', 'OH'),
('45833', '40.794444', '-84.311596', 'DELPHOS', 'OH'),
('45835', '40.761389', '-83.702404', 'DOLA', 'OH'),
('45836', '40.782629', '-83.652433', 'DUNKIRK', 'OH'),
('45837', '41.046252', '-84.319494', 'DUPONT', 'OH'),
('45838', '40.735491', '-84.485028', 'ELGIN', 'OH'),
('45839', '40.993263', '-83.650714', 'FINDLAY', 'OH'),
('45840', '41.015219', '-83.664786', 'FINDLAY', 'OH'),
('45841', '40.885048', '-83.722963', 'JENERA', 'OH'),
('45843', '40.755387', '-83.671142', 'FOREST', 'OH'),
('45844', '40.922538', '-84.295652', 'FORT JENNINGS', 'OH'),
('45845', '40.364003', '-84.232610', 'FORT LORAMIE', 'OH'),
('45846', '40.452405', '-84.716900', 'FORT RECOVERY', 'OH'),
('45848', '41.096421', '-84.112031', 'GLANDORF', 'OH'),
('45849', '41.032277', '-84.479422', 'GROVER HILL', 'OH'),
('45850', '40.739067', '-83.941613', 'HARROD', 'OH'),
('45851', '41.033210', '-84.600760', 'HAVILAND', 'OH'),
('45853', '40.979612', '-84.219208', 'KALIDA', 'OH'),
('45854', '40.758211', '-83.949934', 'LAFAYETTE', 'OH'),
('45855', '41.077120', '-84.583005', 'LATTY', 'OH'),
('45856', '41.050948', '-84.110250', 'LEIPSIC', 'OH'),
('45858', '41.098170', '-83.784671', 'MC COMB', 'OH'),
('45859', '40.689897', '-83.811072', 'MC GUFFEY', 'OH'),
('45860', '40.394413', '-84.535296', 'MARIA STEIN', 'OH'),
('45861', '41.081190', '-84.428684', 'MELROSE', 'OH'),
('45862', '40.575306', '-84.547735', 'MENDON', 'OH'),
('45863', '40.899321', '-84.454113', 'MIDDLE POINT', 'OH'),
('45864', '41.103776', '-84.131541', 'MILLER CITY', 'OH'),
('45865', '40.410299', '-84.397080', 'MINSTER', 'OH'),
('45866', '40.489028', '-84.549391', 'MONTEZUMA', 'OH'),
('45867', '40.904671', '-83.528932', 'MOUNT BLANCHARD', 'OH'),
('45868', '40.970761', '-83.842293', 'MOUNT CORY', 'OH'),
('45869', '40.504687', '-84.214500', 'NEW BREMEN', 'OH'),
('45870', '40.549772', '-83.950093', 'NEW HAMPSHIRE', 'OH'),
('45871', '40.496141', '-84.282659', 'NEW KNOXVILLE', 'OH'),
('45872', '41.204236', '-83.683700', 'NORTH BALTIMORE', 'OH'),
('45873', '41.121548', '-84.534212', 'OAKWOOD', 'OH'),
('45874', '40.821778', '-84.658335', 'OHIO CITY', 'OH'),
('45875', '41.019657', '-84.111533', 'OTTAWA', 'OH'),
('45876', '41.027573', '-84.238754', 'OTTOVILLE', 'OH'),
('45877', '40.956609', '-83.937984', 'PANDORA', 'OH'),
('45879', '41.121205', '-84.532406', 'PAULDING', 'OH'),
('45880', '41.062763', '-84.716982', 'PAYNE', 'OH'),
('45881', '40.941562', '-83.770206', 'RAWSON', 'OH'),
('45882', '40.669681', '-84.657861', 'ROCKFORD', 'OH'),
('45883', '40.408584', '-84.635417', 'SAINT HENRY', 'OH'),
('45884', '40.520289', '-84.167970', 'SAINT JOHNS', 'OH'),
('45885', '40.584975', '-84.376744', 'SAINT MARYS', 'OH'),
('45886', '40.975363', '-84.603141', 'SCOTT', 'OH'),
('45887', '40.732147', '-84.159688', 'SPENCERVILLE', 'OH'),
('45888', '40.602259', '-84.086022', 'UNIOPOLIS', 'OH'),
('45889', '41.142264', '-83.628337', 'VAN BUREN', 'OH'),
('45890', '40.935704', '-83.502731', 'VANLUE', 'OH'),
('45891', '40.873247', '-84.594525', 'VAN WERT', 'OH'),
('45893', '40.882077', '-84.148028', 'VAUGHNSVILLE', 'OH'),
('45894', '40.771925', '-84.474580', 'VENEDOCIA', 'OH'),
('45895', '40.582252', '-84.152138', 'WAPAKONETA', 'OH'),
('45896', '40.589899', '-83.953648', 'WAYNESFIELD', 'OH'),
('45897', '40.834004', '-83.651785', 'WILLIAMSTOWN', 'OH'),
('45898', '40.775148', '-84.745809', 'WILLSHIRE', 'OH'),
('45899', '40.794002', '-84.785735', 'WREN', 'OH'),
('45944', '39.166759', '-84.538220', 'CINCINNATI', 'OH'),
('45999', '39.166759', '-84.538220', 'CINCINNATI', 'OH');

-- --------------------------------------------------------

--
-- Structure for view `barfeatures`
--
DROP TABLE IF EXISTS `barFeatures`;

CREATE ALGORITHM=UNDEFINED DEFINER=`root`@`localhost` SQL SECURITY DEFINER VIEW `barFeatures` AS select `bars`.`barID` AS `barID`,`f1`.`groupID` AS `poolTables`,`f2`.`groupID` AS `music`,`f3`.`groupID` AS `karaoke`,`f4`.`groupID` AS `darts`,`f5`.`groupID` AS `atm`,`f6`.`groupID` AS `smokingPatio` from ((((((`bars` left join `bar_group_id` `f1` on(((`bars`.`barID` = `f1`.`barID`) and (`f1`.`groupID` = 16)))) left join `bar_group_id` `f2` on(((`bars`.`barID` = `f2`.`barID`) and (`f2`.`groupID` = 18)))) left join `bar_group_id` `f3` on(((`bars`.`barID` = `f3`.`barID`) and (`f3`.`groupID` = 20)))) left join `bar_group_id` `f4` on(((`bars`.`barID` = `f4`.`barID`) and (`f4`.`groupID` = 17)))) left join `bar_group_id` `f5` on(((`bars`.`barID` = `f5`.`barID`) and (`f5`.`groupID` = 248)))) left join `bar_group_id` `f6` on(((`bars`.`barID` = `f6`.`barID`) and (`f6`.`groupID` = 245))));

/*!40101 SET CHARACTER_SET_CLIENT=@OLD_CHARACTER_SET_CLIENT */;
/*!40101 SET CHARACTER_SET_RESULTS=@OLD_CHARACTER_SET_RESULTS */;
/*!40101 SET COLLATION_CONNECTION=@OLD_COLLATION_CONNECTION */;
